major (origin),major2 (disambiguated)
all,all
All,all
人力资源管理,企业管理（含：财务管理、市场营销、人力资源管理）
人力资源管理（人力资源管理、公共事业管理）,企业管理（含：财务管理、市场营销、人力资源管理）
人力资源管理（含公共事业管理专业、人力资源管理专业）,企业管理（含：财务管理、市场营销、人力资源管理）
人力资源管理（国家专项）,企业管理（含：财务管理、市场营销、人力资源管理）
人力资源管理科,企业管理（含：财务管理、市场营销、人力资源管理）
人工智能,计算机科学与技术
人文地理与城乡规划,人文地理学
人文地理与城乡规划（汉）,人文地理学
人文地理与城乡规划(单列),人文地理学
人文地理与城乡规划(南疆单列),人文地理学
人文地理与城乡规划（藏）,人文地理学
人文社科类,文科实验班
人文科地理科与城乡规划,人文地理学
人文科学试验班,文科实验班
人文科学试验班(人文艺术传播类),广播电视艺术学
人文科学试验班（可选专业：汉语言文学、历史、哲学）,文科实验班
人文科学试验班（可选专业：汉语言文学、历史学、哲学）,文科实验班
人文科学试验班（汉语言文学、历史学、哲学、法学）,文科实验班
人文科学试验班（民考汉）,民俗学（含：中国民间文学）
人文科学试验班(弘毅学堂),人文科学试验班(弘毅学堂)
人文科学试验班（国学方向）,文科实验班
人文科学试验班（国家专项）,文科实验班
儿科学,儿科学
儿科学(五年),儿科学
儿科学（五年制）,儿科学
力学类(茅以升学院),力学类(茅以升学院)
土木工程,土木工程
土木工程 ,土木工程
土木工程（/普通类）,土木工程
土木工程(专项理）,土木工程
土木工程（中外合作）,土木工程
土木工程(中外合作),土木工程
土木工程（中外合作办学 中加）,土木工程
土木工程（中外合作办学）,土木工程
土木工程（公路与桥梁）,桥梁与隧道工程
土木工程（双语类）,土木工程
土木工程（汉）,土木工程
土木工程（含国际班）,土木工程
土木工程（卓越计划实验班）,土木工程
土木工程（国防生）,土木工程
土木工程（国家贫困专项）,土木工程
土木工程（单列）,土木工程
土木工程（单列类）,土木工程
土木工程(定向)（单列）,土木工程
土木工程(城市地下空间),土木工程
土木工程（城市地下空间）,土木工程
土木工程（普通类）,土木工程
土木工程（藏）,土木工程
土木工程【土木工程、土木工程（国际班）】,土木工程
土木类,土木工程
土木类(土木工程、建筑环境与能源应用工程、给排水科学与工程),土木工程
土木类（土木工程、建筑环境与能源应用工程、给排水科学与工程）,土木工程
土木类(中外合作办学),土木工程
土木类(茅以升学院),土木类(茅以升学院)
土木类（国家专项计划）,土木工程
土木类（高校专项）,土木工程
土地资源管理,土地资源管理
土地资源管理（提前批）,土地资源管理
土地资源管理科,土地资源管理
土地整治工程,土木工程
土地整治工程（提前批）,土木工程
工业工程,轻工技术与工程
工业工程(工业技术管理方向),轻工技术与工程
工业工程（工业技术管理方向）,轻工技术与工程
工业工程（双语类）,轻工技术与工程
工业工程（招考方向:工业技术管理方向）,轻工技术与工程
工业工程（单列）,轻工技术与工程
工业工程（普通类）,轻工技术与工程
工业工程类,轻工技术与工程
工业工程类（中外合作办学）,轻工技术与工程
工业工程类（管理学Ⅰ）,轻工技术与工程
工业设计,轻工技术与工程
工业设计(双语类),轻工技术与工程
工业设计（单列）,轻工技术与工程
工业设计（普通类）,轻工技术与工程
工科试验班,工科实验班
工科试验班(土木与环境类),环境科学与工程
工科试验班（大数据技术）,计算机科学与技术
工科试验班（电子类）,机械电子工程
工科试验班（电气类）,电气工程
工科试验班（生工高精尖班）,生物化工
工科试验班(弘毅学堂),工科试验班(弘毅学堂)
工科试验班(动力与机械类),动力机械及工程
工科试验班(动力装备与安全),动力机械及工程
工科试验班（地质与水利工程类）,地质资源与地质工程
工科试验班（机械类）,机械工程
工科试验班（机械类）（汉）,机械工程
工科试验班（轨道交通）,交通运输工程
工科试验班（交通类）,交通运输工程
工科试验班（环境类）,环境科学与工程
工科试验班（矿业与安全类）,矿业工程
工科试验班(建筑城规景观与设计类),城市规划与设计(含∶风景园林规划与设计)
工科试验班（城市建设类）,城市规划与设计(含∶风景园林规划与设计)
工科试验班(信息类),信息与通讯工程
工科试验班(信息类)(少),信息与通讯工程
工科试验班(信息类)(汉),信息与通讯工程
工科试验班（高材精英班）,工科实验班
工科试验班（能源类）,工科实验班
工科试验班(绿色化工与生物医药),微生物与生化药学
工科试验班（绿色化工与新能源类）,农业生物环境与能源工程
工科试验班（提前批）,工科实验班
工科试验班(智能化制造类),机械制造及其自动化
工科试验班(智能交通与车辆类),机械制造及其自动化
工科试验班(智能交通与车辆类)(少),机械制造及其自动化
工科试验班(智能交通与车辆类)(汉),机械制造及其自动化
工科试验班类（医工交叉试验班）,工科实验班
工科试验班类(医工交叉试验班),工科实验班
工科试验班类(卓越计划),工科实验班
工科试验班类(国际通用工程学院),工科实验班
工科试验班类（国际通用工程学院）,工科实验班
工科试验班类(信息类),信息与通讯工程
工科试验班类（信息类）,信息与通讯工程
工科试验班类（航空航天类）,航空宇航制造工程
工科试验班类(航空航天类),航空宇航制造工程
工商管理,工商管理
工商管理  (  中小企业管理  ),工商管理
工商管理（五年）,工商管理
工商管理（中外合作办学）,工商管理
工商管理(中外合作办学),工商管理
工商管理(中法创新实验班),工商管理
工商管理（中法实验班）,工商管理
工商管理(中法实验班),工商管理
工商管理（中美121）,工商管理
工商管理(中美校际交流),工商管理
工商管理（双语实验班）,工商管理
工商管理（双语类）,工商管理
工商管理(双语教学班),工商管理
工商管理（地球科学与商务）,工商管理
工商管理（地球科学与商务方向）,工商管理
工商管理(环境商务),工商管理
工商管理（国际商务管理实验班）,工商管理
工商管理（南疆单列）,工商管理
工商管理（普通类）,工商管理
工商管理[中法创新实验班],工商管理
工商管理科,工商管理
工商管理科类,工商管理
工商管理科类（中美121双学位班，全英文科教学）,工商管理
"工商管理科类(中美联合培养121国际班,全英文科教学)",工商管理
工商管理科类(全英文科教学，中美121双学位班),工商管理
"工商管理科类(会计学全英文科教学,中美联合培养121国际班)",工商管理
"工商管理科类(旅游管理科全英文科教学,中美联合培养121国际班)",工商管理
工商管理科类(酒店管理科专业全英文科教学，中美121双学位班),工商管理
工商管理类,工商管理
工商管理类 ,工商管理
工商管理类（工商学院）,工商管理
工商管理类（工商管理）,工商管理
工商管理类(工商管理、人力资源管理),工商管理
工商管理类(工商管理、人力资源管理、市场营销),企业管理（含：财务管理、市场营销、人力资源管理）
工商管理类(工商管理、市场营销、人力资源管,企业管理（含：财务管理、市场营销、人力资源管理）
工商管理类(工商管理、市场营销、人力资源管理),企业管理（含：财务管理、市场营销、人力资源管理）
工商管理类（工商管理、市场营销、人力资源管理）,企业管理（含：财务管理、市场营销、人力资源管理）
工商管理类(工商管理、会计学),工商管理
工商管理类（工商管理、会计学）,工商管理
工商管理类（工商管理、会计学）(少数民族）,工商管理
工商管理类（工商管理、会计学）（汉族）,工商管理
工商管理类（工商管理、会计学、市场营销）,企业管理（含：财务管理、市场营销、人力资源管理）
"工商管理类（工商管理、会计学、市场营销、旅游管理、信息管理与信息系统
）",工商管理
工商管理类（工商管理、会计学、市场营销、旅游管理、信息管理与信息系统）,工商管理
工商管理类（工商管理、会计学、市场营销统）,企业管理（含：财务管理、市场营销、人力资源管理）
工商管理类(专项文）,工商管理
工商管理类(专项理）,工商管理
工商管理类（少）,工商管理
工商管理类（中外合作办学）,工商管理
工商管理类（中外合作办学）（工商管理）,工商管理
工商管理类(中外合作办学)(工商管理)(新华),工商管理
工商管理类(中外合作办学)（工商管理）（新华国际商学院）,工商管理
工商管理类(中外合作办学)(市场营销)(新华),工商管理
工商管理类(中外合作办学)（市场营销）(新华国际商学院）,企业管理（含：财务管理、市场营销、人力资源管理）
工商管理类(中外合作办学)(会计学(国际会计方向))(亚澳),工商管理
工商管理类(中外合作办学)(会计学)(亚澳),工商管理
工商管理类(中外合作办学)（会计学）（亚澳商学院）,工商管理
工商管理类(中外合作办学)(会计学)(新华),工商管理
工商管理类(中外合作办学)（会计学）（新华国际商学院）,工商管理
工商管理类(中外合作办学)(国际商务)(亚澳),工商管理
工商管理类(中外合作办学)（国际商务）（亚澳商学院）,工商管理
工商管理类（文史）,工商管理
工商管理类（文史国家贫困专项）,工商管理
工商管理类（双语类）,工商管理
工商管理类（汉）,工商管理
工商管理类（会计学、工商管理）,工商管理
工商管理类（会计学、工商管理、市场营销）,企业管理（含：财务管理、市场营销、人力资源管理）
工商管理类（会计学院）,工商管理
工商管理类（含:工商管理）,工商管理
工商管理类(含工商管理、市场营销、人力资源管理、会计学、财务管理专业),企业管理（含：财务管理、市场营销、人力资源管理）
工商管理类(含市场营销、工商管理、人力资源管理),企业管理（含：财务管理、市场营销、人力资源管理）
工商管理类（国家专项）,工商管理
工商管理类（国家专项计划）,工商管理
工商管理类（国家贫困专项）,工商管理
工商管理类（单列类）,工商管理
工商管理类(南疆),工商管理
工商管理类(南疆单列),工商管理
工商管理类（理工）,工商管理
工商管理类（理工国家贫困专项）,工商管理
工商管理类（厦门大学与爱尔兰都柏林商学院合作举办）,工商管理
工商管理类（普通类）,工商管理
工商管理类（管理学Ⅱ）,工商管理
工商管理类）,工商管理
工程力学,工程力学
工程力学（钱令希力学创新实验班）,工程力学
工程力学【工程力学、飞行器设计与工程】,飞行器设计
工程造价,制浆造纸工程
工程管理,工商管理
工程管理(中外合作办学),工商管理
工程管理（双语类）,工商管理
工程管理（单列）,工商管理
工程管理（单列类）,工商管理
工程管理（普通类）,工商管理
工程管理科,工商管理
大气科学,大气科学
大气科学(菁英班),大气科学
大气科学类,大气科学
大气科学类 ,大气科学
大数据管理与应用,应用数学
小学教育,教育学
小学教育(中文师范),教育学
小学教育（师范）,教育学
小学教育(师范),教育学
小学教育(英语师范),教育学
小学教育(科学师范),教育学
小学教育(信息技术师范),教育学
小学教育(数学师范),教育学
小学教育(德育师范),教育学
口腔医学,口腔医学
口腔医学 ,口腔医学
口腔医学(5+3),口腔医学
口腔医学(五加三一体化),口腔医学
口腔医学（五年）,口腔医学
口腔医学(五年),口腔医学
口腔医学(五年制),口腔医学
口腔医学（五年制）,口腔医学
口腔医学（国家贫困专项）,口腔医学
口腔医学（学制五年）,口腔医学
口腔医学(南单理）,口腔医学
口腔医学技术,口腔医学
广告学,传播学
广告学 ,传播学
广告学(双语类),传播学
广告学（单列）,传播学
广告学（厦门大学马来西亚分校）,传播学
广告学（普通类）,传播学
广告学(数字营销方向),传播学
广播电视工程,广播电视艺术学
广播电视学,广播电视艺术学
广播电视编导,广播电视艺术学
广播电视编导（艺术文）,广播电视艺术学
卫生检验与检疫,公共卫生与预防医学
飞行技术,科学技术哲学
飞行器动力工程,动力机械及工程
飞行器设计与工程,飞行器设计
飞行器设计与工程（航天）,飞行器设计
飞行器环境与生命保障工程,人机与环境工程
飞行器制造工程,航空宇航制造工程
飞行器制造工程（航空维修工程与技术）,航空宇航制造工程
飞行器适航技术,航空宇航制造工程
飞行器控制与信息工程,航空宇航制造工程
马克思主义理论,马克思主义理论
马克思主义理论 ,马克思主义理论
无机非金属材料工程,材料加工工程
无数据,无数据
专业组1,专业组1
专业组2,专业组2
艺术设计学,设计艺术学
木材科学与工程,木材科学与技术
木材科学与工程（中加合作办学项目）,木材科学与技术
不限组,不限组
历史学,历史学
历史学（公费师范）,历史学
历史学（文史哲基地）,历史学
历史学（双语类）,历史学
历史学（师范）,历史学
历史学(师范),历史学
历史学（免费师范）,历史学
历史学（单列类）,历史学
历史学（预科）,历史学
历史学(基地班),历史学
历史学（基地班）,历史学
历史学（普通类）,历史学
历史学（蒙授）,历史学
历史学类,历史学
历史学类 ,历史学
历史学类（南疆计划）,历史学
历史建筑保护工程,建筑历史与理论
历史组,历史学
车辆工程,车辆工程
车辆工程 ,车辆工程
车辆工程(汉),车辆工程
车辆工程（民）,车辆工程
车辆工程(民),车辆工程
车辆工程(汽车),车辆工程
车辆工程（英语强化）,车辆工程
车辆工程（卓越计划）,车辆工程
车辆工程（定向）,车辆工程
车辆类,车辆工程
车辆类（国家专项）,车辆工程
少数民族卓越班,少数民族卓越班
少数民族预科,少数民族预科班
少数民族预科班,少数民族预科班
少数民族预科班（新疆协作计划）,少数民族预科班
日语,日语语言文学
日语 ,日语语言文学
日语（文）,日语语言文学
日语（文科）,日语语言文学
日语（外语要求不低于110分）,日语语言文学
日语（宝山校区）,日语语言文学
日语（经贸日语）,日语语言文学
日语（经贸日语）（零起点）,日语语言文学
日语（涉外法商）,日语语言文学
日语（理）,日语语言文学
日语（提前批）,日语语言文学
日语（蒙授）,日语语言文学
日语(零起点),日语语言文学
日语（零起点）,日语语言文学
中西医临床医学,中西医结合临床
中医学,中医学
中医学（厦门大学马来西亚分校）,中医学
中国少数民族语言文学,中国少数民族语言文学（分语族）
中国少数民族语言文学（文史）,中国少数民族语言文学（分语族）
中国少数民族语言文学（理工）,中国少数民族语言文学（分语族）
中国少数民族语言文学（维吾尔语言/普通类）,中国少数民族语言文学（分语族）
中国少数民族语言文学（朝鲜语言文学）,中国少数民族语言文学（分语族）
中国少数民族语言文学（朝鲜语言文学）（中韩翻译）,中国少数民族语言文学（分语族）
中国语言文学类,中国语言文学
中国语言文学类（双语类）,中国语言文学
中国语言文学类(汉语言文学、汉语国际教育),中国语言文学
中国语言文学类（汉语言文学、汉语国际教育）,中国语言文学
中国语言文学类(汉语言文学、秘书学)(含国家文科基地班),中国语言文学
中国语言文学类（汉语国际教育、汉语言）,中国语言文学
中国语言文学类（汉语国际教育、汉语言、汉语言文学）,中国语言文学
中国语言文学类(含汉语言文学(基地班)、秘书学、古典文献学),中国语言文学
中国语言文学类(茅以升学院),中国语言文学
中国语言文学类（单列类）,中国语言文学
中国语言文学类（普通类）,中国语言文学
中国语言文科学类,中国语言文学
中草药栽培与鉴定,中医学
中药学,中医学
中药资源与开发,中医学
水土保持与荒漠化防治,水土保持与荒漠化防治
水文与水资源工程,水文学及水资源
水文与水资源工程（双语类）,水文学及水资源
水文与水资源工程（单列类）,水文学及水资源
水文与水资源工程（普通类）,水文学及水资源
水产养殖学,水产养殖
水产养殖学（国家专项计划）,水产养殖
水产类,水产
水利水电工程,水利水电工程
水利水电工程（民）,水利水电工程
水利水电工程（定向）,水利水电工程
水利水电工程（闽台合作）,水利水电工程
水利水电工程(闽台合作),水利水电工程
水利类,水利工程
水利类 ,水利工程
水利类（工学Ⅴ）,水利工程
水族科学与技术,水生生物学
水族科学与技术（国家专项计划）,水生生物学
化工与制药类,化学工程与技术
化工与制药类（化工环境生命类创新实验班）,化学工程与技术
化工与制药类（创新实验班）,化学工程与技术
化工与制药类(含化学工程与工艺、油气储运工程、轻化工程专业),化学工程与技术
化工与制药类(国际卓越工程师班),化学工程与技术
化工与制药类(国际卓越工程师班）,化学工程与技术
化学,化学
化学  (  轻化产品质量分析  ),化学
化学(中外合作办学),化学
化学（公费师范）,化学
化学（双语类）,化学
化学(师范),化学
化学（师范）,化学
化学（师范类）,化学
化学（免费师范）,化学
化学（单列）,化学
化学（单列类）,化学
化学(南单理）,化学
化学（轻化产品质量分析）,化学
化学（预科）,化学
化学（基地）,化学
化学(基地班),化学
化学（基础学科拔尖人才培养实验班）,化学
化学（普通类）,化学
化学工程与工艺,化学工程与技术
化学工程与工艺(中外合作办学）,化学工程与技术
化学工程与工艺(中外合作办学),化学工程与技术
化学工程与工艺(中外合作办学专业),化学工程与技术
化学工程与工艺（双语类）,化学工程与技术
化学工程与工艺（含化学工程与工艺、生物工程）,化学工程与技术
化学工程与工艺（含国际班）,化学工程与技术
化学工程与工艺(环境科学与工程),环境科学与工程
化学工程与工艺（环境科学与工程）（中外合作办学）,环境科学与工程
化学工程与工艺(环境科学与工程)(中外合作办学),环境科学与工程
化学工程与工艺（环境科学与工程）(中外合作办学）,环境科学与工程
化学工程与工艺(环境科学与工程)(中外合作办学专业),环境科学与工程
化学工程与工艺（单列）,化学工程与技术
化学工程与工艺（单列类）,化学工程与技术
化学工程与工艺（面向泉州）,化学工程与技术
化学工程与工艺(面向泉州),化学工程与技术
化学工程与工艺（厦门大学马来西亚分校）,化学工程与技术
化学工程与工艺(普通类）,化学工程与技术
化学工程与工艺（普通类）,化学工程与技术
化学工程与工艺(德国吕贝克),化学工程与技术
化学工程与工艺(德国克劳斯),化学工程与技术
化学工程与工艺-英才班,化学工程与技术
化学工程和工艺,化学工程与技术
化学化工菁英班,化学工程与技术
化学化工菁英班（国家专项）,化学工程与技术
化学生物学,生物化工
化学-优培计划,化学
化学类,化学
化学类 ,化学
化学类（化妆品科学与技术类和光电信息类）,化学
化学类（化学、应用化学）,化学
化学类(化学、应用化学),化学
化学类(化学、应用化学) ,化学
化学类(化学、应用化学、材料化学),化学
化学类(含化学、应用化学),化学
化学类(含化学、应用化学专业),化学
公共卫生与预防医学类,公共卫生与预防医学
公共关系,公共管理
公共关系学,公共管理
公共事业管理,公共管理
公共事业管理 ,公共管理
公共事业管理     ,公共管理
公共事业管理（卫生事业管理）,公共管理
公共事业管理(卫生事业管理方向),公共管理
公共事业管理（文科）,公共管理
公共事业管理(民族班),公共管理
公共事业管理（国家专项计划）,公共管理
公共事业管理（闽台合作项目）,公共管理
公共事业管理(教育管理),公共管理
公共事业管理科,公共管理
公共事业管理科(社会保障管理科方向),公共管理
公共管理科类,公共管理
公共管理类,公共管理
公共管理类　,公共管理
公共管理类（汉）,公共管理
公共管理类(汉),公共管理
公共管理类（民）,公共管理
公共管理类（行政管理、城市管理）,公共管理
公共管理类（含公共事业管理、行政管理、劳动与社会保障专业）,公共管理
公共管理类(含社会学、社会工作、公共事业管理、行政管理、劳动与社会保障专业),公共管理
公共管理类（国家专项）,公共管理
公共管理类(南疆),公共管理
公共管理类（藏）,公共管理
公共管理类(藏),公共管理
公告管理类,公共管理
风景园林,城市规划与设计(含∶风景园林规划与设计)
风景园林（中加合作班）,城市规划与设计(含∶风景园林规划与设计)
风景园林（国家专项计划）,城市规划与设计(含∶风景园林规划与设计)
风景园林（学制5年）,城市规划与设计(含∶风景园林规划与设计)
风景园林（预科）,城市规划与设计(含∶风景园林规划与设计)
文化产业管理,管理学
文化产业管理（制片管理、公共文化与创意设计方向）,管理学
文化产业管理(制片管理、公共文化与创意设计方向),管理学
文化产业管理（影视制片管理、文化经纪方向）,管理学
文化遗产,民族学
文史,文学
文物与保护技术,历史学
文物与博物馆学,考古学及博物馆学
文物保护技术,历史学
文物保护技术(定向),历史学
文科试验班类,文科实验班
文科试验班类（语言与传播）,文学
文科统招,文学
计算机,计算机科学与技术
计算机科学与技术,计算机科学与技术
计算机科学与技术 (中外合作办学),计算机科学与技术
计算机科学与技术 (南单理）,计算机科学与技术
计算机科学与技术（大数据技术与应用方向）,计算机科学与技术
计算机科学与技术（与会计学复合）,计算机科学与技术
计算机科学与技术（日语强化）,计算机科学与技术
计算机科学与技术(中外合作办学),计算机科学与技术
计算机科学与技术(中外合作办学)（与俄罗斯圣光机大学合作办学，中,计算机科学与技术
计算机科学与技术(中外合作办学)（与俄罗斯圣光机大学合作办学，中英,计算机科学与技术
计算机科学与技术(中法校际交流),计算机科学与技术
计算机科学与技术（计算机卓越计划实验班）,计算机科学与技术
计算机科学与技术（双语类）,计算机科学与技术
计算机科学与技术(师范),计算机科学与技术
计算机科学与技术（网信安全）,计算机科学与技术
计算机科学与技术（网络与信息安全方向）,计算机科学与技术
计算机科学与技术(网络空间安全),计算机科学与技术
计算机科学与技术（免费师范）,计算机科学与技术
计算机科学与技术（国家专项计划）,计算机科学与技术
计算机科学与技术（金融信息化方向）,计算机科学与技术
计算机科学与技术（单列）,计算机科学与技术
计算机科学与技术（单列类）,计算机科学与技术
计算机科学与技术（定向）,计算机科学与技术
计算机科学与技术(定向),计算机科学与技术
计算机科学与技术（南疆单列）,计算机科学与技术
计算机科学与技术（高校专项）,计算机科学与技术
计算机科学与技术（预科）,计算机科学与技术
计算机科学与技术（厦门大学马来西亚分校）,计算机科学与技术
计算机科学与技术（普通类）,计算机科学与技术
计算机科学与技术专业（中外合作办学）,计算机科学与技术
计算机科学与技术类,计算机科学与技术
计算机类,计算机科学与技术
计算机类 ,计算机科学与技术
计算机类  (  经济信息管理类  ),计算机科学与技术
计算机类  (  经济信息管理类）,计算机科学与技术
计算机类  （经济信息管理类）,计算机科学与技术
计算机类(中外合作办学),计算机科学与技术
"计算机类(中外合作办学,计算机科学与技术)",计算机科学与技术
"计算机类(中外合作办学,软件工程)",计算机软件与理论
"计算机类(中美联合培养121国际班,全英文科教学)",计算机科学与技术
计算机类（计算机）,计算机科学与技术
计算机类(计算机学院),计算机科学与技术
计算机类（计算机学院）,计算机科学与技术
计算机类（计算机科学与技术(与会计学复合)、计算机科学与技术、软件,计算机科学与技术
计算机类(计算机科学与技术),计算机科学与技术
计算机类（计算机科学与技术、网络工程）,计算机科学与技术
计算机类（计算机科学与技术、网络工程、数据科学与大数据技术）,计算机科学与技术
计算机类(计算机科学与技术、网络工程、数据科学与大数据技术),计算机科学与技术
计算机类（计算机科学与技术、软件工程）,计算机科学与技术
计算机类(计算机科学与技术、软件工程),计算机科学与技术
计算机类(计算机科学与技术、软件工程) ,计算机科学与技术
计算机类（计算机科学与技术、软件工程、数据科学与大数据技术）,计算机科学与技术
计算机类（计算机科学与技术、数据科学与大数据技术）,计算机科学与技术
计算机类(汉),计算机科学与技术
计算机类（汉）,计算机科学与技术
计算机类（民）,计算机科学与技术
计算机类(民),计算机科学与技术
计算机类（网安）,计算机科学与技术
计算机类（网安学院）,计算机科学与技术
计算机类（含计算机科学与技术、网络工程专业）,计算机科学与技术
计算机类(含计算机科学与技术、软件工程专业),计算机科学与技术
计算机类(软件工程),计算机科学与技术
计算机类（国家专项）,计算机科学与技术
计算机类(国家网络安全学院),计算机科学与技术
计算机类（单列四年）,计算机科学与技术
计算机类（单列类）,计算机科学与技术
计算机类(定向),计算机科学与技术
计算机类（定向）,计算机科学与技术
计算机类（经济信息管理类）,计算机科学与技术
计算机类（信息网络安全）,计算机科学与技术
计算机类(信息网络安全),计算机科学与技术
计算机类(藏),计算机科学与技术
计算机类（藏）,计算机科学与技术
心理学,心理学
心理学(中外合作办学),心理学
心理学（公费师范）,心理学
心理学(师范),心理学
心理学（免费师范）,心理学
心理学（预科）,心理学
心理学专业（中外合作办学）,心理学
心理学类,心理学
心理学类(中外合作办学),心理学
心理学类(心理学),心理学
功能材料,材料学
世界史,世界史
古典文献学,中国古典文献学
本科预科班,本科预科班
石油工程,石油与天然气工程
"北京邮电大学
			（专业组一）","北京邮电大学
			（专业组一）"
"北京邮电大学
			（专业组二）","北京邮电大学
			（专业组二）"
北京邮电大学（专业组一）,北京邮电大学（专业组一）
北京邮电大学（专业组二）,北京邮电大学（专业组二）
北京邮电大学（宏福校区）,北京邮电大学（宏福校区）
电子封装技术,电子科学与技术
电子科学与技术,电子科学与技术
电子科学与技术(民族班),电子科学与技术
电子科学与技术(国防生),电子科学与技术
电子科学与技术(微电子技术),电子科学与技术
电子科学与技术【电子科学与技术、集成电路设计与集成系统】,电子科学与技术
电子科学与技术类,电子科学与技术
电子科学与应用,电子科学与技术
电子信息工程,电子科学与技术
电子信息工程（中外合作办学 中爱）,电子科学与技术
电子信息工程(中外合作办学),电子科学与技术
电子信息工程（中外合作办学）,电子科学与技术
电子信息工程（双语类）,电子科学与技术
电子信息工程（电信卓越计划实验班）,电子科学与技术
电子信息工程（含英语强化班）,电子科学与技术
电子信息工程（卓越工程师班）,电子科学与技术
电子信息工程（卓越计划）,电子科学与技术
电子信息工程（单列）,电子科学与技术
电子信息工程（单列类）,电子科学与技术
电子信息工程（实验班）,电子科学与技术
电子信息工程(实验班),电子科学与技术
电子信息工程(实验班)(民族班),电子科学与技术
电子信息工程(实验班)(国家专项),电子科学与技术
电子信息工程（实验班）（国家专项）,电子科学与技术
电子信息工程（信息类数理提高班）,电子科学与技术
电子信息工程（闽台合作）,电子科学与技术
电子信息工程(闽台合作),电子科学与技术
电子信息工程（高校专项）,电子科学与技术
电子信息工程(教改班),电子科学与技术
电子信息工程（厦门大学马来西亚分校）,电子科学与技术
电子信息工程（普通类）,电子科学与技术
电子信息工程【电子信息工程、电子信息工程（英语强化）】,电子科学与技术
电子信息与工程专业（中外合作办学）,电子科学与技术
电子信息科学与技术,电子科学与技术
电子信息科学与技术(中外合作办学),电子科学与技术
电子信息科学与技术(国防生),电子科学与技术
电子信息类,电子科学与技术
电子信息类 ,电子科学与技术
电子信息类  （自动化与电气工程类）,电子科学与技术
电子信息类(中外合作办学),电子科学与技术
电子信息类（中外合作办学）,电子科学与技术
电子信息类（电子、电子（微毫米波）、信息工程）,电子科学与技术
电子信息类(电子工程),电子科学与技术
电子信息类(电子信息工程),电子科学与技术
电子信息类(电子信息工程、电子科学与技术、,电子科学与技术
电子信息类（电子信息工程、电子科学与技术、集成电路设计与集成系,电子科学与技术
电子信息类（电子信息工程、电子科学与技术、集成电路设计与集成系统,电子科学与技术
电子信息类(电子信息工程、电子科学与技术、集成电路设计与集成系统,电子科学与技术
电子信息类(电子信息工程、通信工程),电子科学与技术
电子信息类（电子信息工程、通信工程）,电子科学与技术
电子信息类（电子信息工程、通信工程、计算机科学与工程、数字媒体技术）,电子科学与技术
电子信息类（电子信息工程、通信工程、计算机科学与技术、数字媒体技术）,电子科学与技术
电子信息类（电子信息工程、通信工程、计算机科学与技术、数字媒体技术）,电子科学与技术
电子信息类(电子信息工程、通信工程、光电信息科学与工程),电子科学与技术
电子信息类（电子信息类、通信工程、计算机科学与技术、数字媒体技术）,电子科学与技术
电子信息类（电气信息类创新实验班）,电子科学与技术
电子信息类（电信学院）,电子科学与技术
电子信息类(汉),电子科学与技术
电子信息类（汉）,电子科学与技术
电子信息类(民族班),电子科学与技术
电子信息类（光电学院）,电子科学与技术
电子信息类（自动化与电气工程类）,电子科学与技术
电子信息类（创新实验班）,电子科学与技术
电子信息类(含电子信息工程、通信工程、光电信息科学与工程),电子科学与技术
电子信息类(含测控技术与仪器、电气工程及其自动化、信息工程、自动化专业),电子科学与技术
电子信息类(茅以升学院),电子科学与技术
电子信息类（国家专项）,电子科学与技术
电子信息类（国家专项计划）,电子科学与技术
电子信息类(物理与光电工程),电子科学与技术
电子信息类（物理与光电工程）,电子科学与技术
电子信息类（空间电子信息）,电子科学与技术
电子信息类(空间电子信息),电子科学与技术
电子信息类（实验班）,电子科学与技术
电子信息类（信息工程）,电子科学与技术
电子信息类(信息通信),电子科学与技术
电子信息类(通信),电子科学与技术
电子信息类（通信工程、电子信息科学与技术）,电子科学与技术
电子信息类(通信工程、电子信息科学与技术),电子科学与技术
电子信息类（通信与控制）,电子科学与技术
电子信息类(通信与控制),电子科学与技术
电子信息类(微电子与集成电路),电子科学与技术
电子信息类（微电子与集成电路）,电子科学与技术
电子信息类(藏),电子科学与技术
电子信息类（藏）,电子科学与技术
电子商务,电子科学与技术
电子商务  (  互联网商务  ),电子科学与技术
电子商务（支付结算方向）,电子科学与技术
电子商务（文史）,电子科学与技术
电子商务(文史),电子科学与技术
电子商务(理工),电子科学与技术
电子商务（理工）,电子科学与技术
电子商务及法律（中外合作办学）,电子科学与技术
电气工程与智能控制,电气工程
电气工程及自动化,电力系统及其自动化
电气工程及其自动化,电力系统及其自动化
电气工程及其自动化 ,电力系统及其自动化
电气工程及其自动化(专项理）,电力系统及其自动化
电气工程及其自动化(中外合作办学),电力系统及其自动化
电气工程及其自动化（双语类）,电力系统及其自动化
电气工程及其自动化(电子信息工程),电力系统及其自动化
电气工程及其自动化（电子信息工程)(中外合作办学）,电力系统及其自动化
电气工程及其自动化(电子信息工程)(中外合作办学),电力系统及其自动化
电气工程及其自动化（电子信息工程）（中外合作办学）,电力系统及其自动化
电气工程及其自动化(电子信息工程)(中外合作办学专业),电力系统及其自动化
电气工程及其自动化（电气卓越计划实验班）,电力系统及其自动化
电气工程及其自动化（汉）,电力系统及其自动化
电气工程及其自动化(民族班),电力系统及其自动化
电气工程及其自动化（国家专项计划）,电力系统及其自动化
电气工程及其自动化（国家贫困专项）,电力系统及其自动化
电气工程及其自动化（单列）,电力系统及其自动化
电气工程及其自动化（单列类）,电力系统及其自动化
电气工程及其自动化(定向)#B9,电力系统及其自动化
电气工程及其自动化(闽台合作),电力系统及其自动化
电气工程及其自动化（闽台合作）,电力系统及其自动化
电气工程及其自动化（高校专项）,电力系统及其自动化
电气工程及其自动化（普通类）,电力系统及其自动化
电气工程及其自动化(新能源国际班),电力系统及其自动化
电气工程及其自动化（新能源国际班）,电力系统及其自动化
电气工程及其自动化（藏）,电力系统及其自动化
电气与自动化类,电力系统及其自动化
电气类,电气工程
电气类（工学Ⅲ）,电气工程
电气类(中外合作办学),电气工程
电气类（中外合作办学）,电气工程
电气类(中外合作办学)(电气工程及其自动化),电气工程
电气类(电气与自动化类),电气工程
电气类（代表理学工学类）,电气工程
电气类(茅以升学院),电气工程
电气类(定向),电气工程
电气类（按电气与自动化类招生，含自动化、电气工程及其自动化）,电气工程
电气类（按电气与自动化类培养）,电气工程
电气类（按电气与自动化类培养）（定向）,电气工程
电气类（理学工学类）,电气工程
电波传播与天线,电气工程
电信工程及管理（中外合作办学）,电气工程
电磁场与无线技术,电磁场与微波技术
电影制作,电影学
电影制作（延长校区）,电影学
生态学,生态学
生态学（中加合作班）,生态学
生态学（双语类）,生态学
生态学（单列）,生态学
生态学(类),生态学
生态学（普通类）,生态学
生态学类,生态学
生物工程,生物化工
生物工程(中外合作办学),生物化工
生物工程（中外合作办学）,生物化工
生物工程（双语类）,生物化工
生物工程（卓越计划）,生物化工
生物工程（单列）,生物化工
生物工程（单列类）,生物化工
生物工程（普通类）,生物化工
生物工程类,生物化工
生物工程类（工学Ⅳ）,生物化工
生物工程类(中外合作办学),生物化工
生物工程类(含生物工程、生物科学、生物技术专业),生物化工
生物工程类（绿色生物制造与生物安全）,生物化工
生物技术,生物化工
生物技术  (  化妆品  ),生物化工
生物技术  (  高精尖项目  ),生物化工
生物技术（中外合作办学）,生物化工
生物技术(中外合作办学),生物化工
生物技术（中加合作办学项目）,生物化工
生物技术（化妆品）,生物化工
生物技术（公费师范）,生物化工
生物技术(生命科学与技术基地班),生物化工
生物技术（闽台合作）,生物化工
生物技术(闽台合作),生物化工
生物技术（基地）,生物化工
生物技术（基础学科生物科技实验班）,生物化工
生物技术（基础学科生物科学与技术实验班）,生物化工
生物技术专业（中外合作办学）,生物化工
生物医学工程,生物化工
生物医学工程（工医理交叉国际化实验班）,生物化工
生物医学工程（工程科学学院）,生物化工
生物医学工程（生医卓越计划实验班）,生物化工
生物医学工程（民）,生物化工
生物医学工程类,生物化工
生物医学工程类（生物与药学）,生物化工
生物医学工程类(生物医学工程与仪器类),生物化工
生物医学工程类（国家专项）,生物化工
生物医学工程类（按生物医学工程与仪器类培养）,生物化工
生物制药,生物化工
生物科学,生物化工
生物科学（中美121）,生物化工
生物科学（贝时璋菁英班）,生物化工
生物科学（公费师范）,生物化工
生物科学（双语类）,生物化工
生物科学（本硕博班）,生物化工
生物科学（生物学基地班）,生物化工
生物科学（动物学）,生物化工
生物科学(师范),生物化工
生物科学（师范）,生物化工
生物科学（免费师范）,生物化工
生物科学（单列）,生物化工
生物科学（单列类）,生物化工
生物科学（预科）,生物化工
生物科学（理科实验班）,生物化工
生物科学（基地）,生物化工
生物科学（基地班）,生物化工
生物科学(基地班),生物化工
生物科学(菁英班),生物化工
生物科学（普通类）,生物化工
生物科学类,生物化工
生物科学类 ,生物化工
生物科学类（少）,生物化工
生物科学类(中外合作办学),生物化工
生物科学类（中外合作办学）,生物化工
生物科学类(中外合作办学)(生物技术),生物化工
生物科学类(生物技术),生物化工
生物科学类(生物科学、生物技术),生物化工
生物科学类（生物科学、生物技术）,生物化工
生物科学类(生物科学、生物技术) ,生物化工
生物科学类(生物科学、生物技术)(含国家理科基地班),生物化工
生物科学类(生物科学、生物技术)(南疆单列计划),生物化工
生物科学类(生物科学、生物技术、生态学),生物化工
生物科学类（生物科学、生物技术、生态学）,生物化工
生物科学类（生物科学、生物技术、生态学）（公费师范生）,生物化工
生物科学类(含生物科学(基地班)、 生物技术),生物化工
生物科学类（含生物科学、生物技术专业）,生物化工
生物科学类（含生物科学专业、生物技术、生态学）,生物化工
生物科学类（含生物科学专业、生物技术专业、生态学）,生物化工
生物信息学,生物学
生命科学类,生物化工
印度尼西亚语,印度语言文学
外交学,外交学
外交学（国际组织与全球治理）,外交学
外交学（法语与法语国家研究）,外交学
外国语言文学类,外国语言文学
外国语言文学类(双外语),外国语言文学
外国语言文学类(含英语、俄语、德语、法语、日语、意大利语),外国语言文学
外国语言文学类(含英语、德语、日语专业),外国语言文学
外国语言文学类（按语言类招生，含英语(与国贸复合)、英语）,外国语言文学
外国语言文学类（按语言类培养）,外国语言文学
外国语言文学类(俄语、西班牙语、法语、日语、朝鲜语)(双外语),外国语言文学
包装工程,服装设计与工程
市场营销,企业管理（含：财务管理、市场营销、人力资源管理）
市场营销（中外合作办学）,企业管理（含：财务管理、市场营销、人力资源管理）
市场营销（双语类）,企业管理（含：财务管理、市场营销、人力资源管理）
市场营销（市场营销、物流管理、电子商务）,企业管理（含：财务管理、市场营销、人力资源管理）
市场营销（国家专项计划）,企业管理（含：财务管理、市场营销、人力资源管理）
市场营销（单列类）,企业管理（含：财务管理、市场营销、人力资源管理）
市场营销（普通类）,企业管理（含：财务管理、市场营销、人力资源管理）
汉文学（汉）,汉语言文字学
汉文学（藏）,汉语言文字学
汉语言,汉语言文字学
汉语言#H,汉语言文字学
汉语言（民考汉文史）,汉语言文字学
汉语言(民考汉南单文）,汉语言文字学
汉语言(民考汉南单理）,汉语言文字学
汉语言（民考汉理工）,汉语言文字学
汉语言文学,汉语言文字学
汉语言文学 ,汉语言文字学
汉语言文学（公费师范）,汉语言文字学
汉语言文学（文史哲基地）,汉语言文字学
汉语言文学（文学/汉）,汉语言文字学
汉语言文学（双语班）,汉语言文字学
汉语言文学(双语班南单文）,汉语言文字学
汉语言文学（汉）,汉语言文字学
汉语言文学(汉),汉语言文字学
汉语言文学（民）,汉语言文字学
汉语言文学(民族班),汉语言文字学
汉语言文学(师范),汉语言文字学
汉语言文学（师范类）,汉语言文字学
汉语言文学(师范类),汉语言文字学
汉语言文学(戏剧影视文学),汉语言文字学
汉语言文学（戏剧影视文学）,汉语言文字学
汉语言文学（财经文秘方向）,汉语言文字学
汉语言文学（免费师范）,汉语言文字学
汉语言文学（单列）,汉语言文字学
汉语言文学（法商文秘）,汉语言文字学
汉语言文学(定向),汉语言文字学
汉语言文学（定向）,汉语言文字学
汉语言文学（高校专项）,汉语言文字学
汉语言文学（预科）,汉语言文字学
汉语言文学（基地班）,汉语言文字学
汉语言文学（厦门大学马来西亚分校）,汉语言文字学
汉语言文学(普通类),汉语言文字学
汉语言文学(藏),汉语言文字学
汉语言文科学,汉语言文字学
汉语国际教育,教育学
汉语国际教育（双语类）,教育技术学（可授教育学、理学学位）
汉语国际教育（单列）,教育技术学（可授教育学、理学学位）
汉语国际教育（单列类）,教育技术学（可授教育学、理学学位）
汉语国际教育（普通类）,教育技术学（可授教育学、理学学位）
尼泊尔语,外国语言文学
民族学,民族学
民族学 ,民族学
边防管理,管理学
动画,美术学
动物生产类,动物学
动物生产类（动物科学、动物医学）,动物学
动物医学,动物学
动物医学(中兽医学方向),动物学
动物医学（本硕博班）,动物学
动物医学（国家专项计划）,动物学
动物医学(宠物医学方向),动物学
动物医学（宠物医学方向）,动物学
动物医学（宠物医学方向，国家专项计划）,动物学
动物医学类,动物学
动物药学,动物学
动物药学（国家专项计划）,动物学
动物科学,动物学
动物科学(大数据方向),动物学
动物科学（本硕博班）,动物学
动物科学(拔尖人才创新实验班),动物学
动物科学（国家专项计划）,动物学
动物科学(食品科学方向),动物学
动物科学（食品科学方向）,动物学
动物科学（食品科学方向，国家专项计划）,动物学
动植物检疫,生物学
考古学,考古学及博物馆学
地下水科学与工程,地图制图学与地理信息工程
地下水科学与工程(中外合作办学),地图制图学与地理信息工程
地下水信息工程,地图制图学与地理信息工程
地质工程,地质工程
地质工程 ,地质工程
地质工程（双语类）,地质工程
地质工程（汉）,地质工程
地质工程（民）,地质工程
地质工程（含卓越工程师）,地质工程
地质工程（含卓越工程师）（提前批）,地质工程
地质工程（含卓越班）,地质工程
地质工程（单列）,地质工程
地质工程（单列类）,地质工程
地质工程（定向）,地质工程
地质工程(定向),地质工程
地质工程(提前批）,地质工程
地质工程（普通类）,地质工程
地质工程(藏),地质工程
地质工程（藏）,地质工程
地质学,地质学
地质学（地质地球物理复合）,地球物理学
地质学（旅游地学）,地质学
地质学（理科基地班）,地理学
地质学(基地班),地质学
地质学（基地班）,地质学
地质学类,地质学
地质学类 ,地质学
地质学类(地球科学菁英班),地质学
地质学类(含国家理科基地班),地理学
地质学类(菁英班),地质学
地质学类（提前批）,地质学
地质类,地质学
地球化学,地球化学
地球物理学,地球物理学
地球物理学类,地球物理学
地球物理学类(地球物理与信息类),地球物理学
地球物理学类(菁英班),地球物理学
地球物理学类（提前批）,地球物理学
地球信息科学与技术,地球探测与信息技术
地理空间信息工程,地图制图学与地理信息工程
地理科学,地理学
地理科学（公费师范）,地理学
地理科学（公费师范生）,地理学
地理科学(师范),地理学
地理科学（师范）,地理学
地理科学（免费师范）,地理学
地理科学（预科）,地理学
地理科学类,地理学
地理科学类 ,地理学
地理科学类（地理科学、地理信息系统）,地图学与地理信息系统
地理科学类（地理科学、地理信息科学）,地图学与地理信息系统
地理科学类(自然地理与资源环境、人文地理与城乡规划、地理信息科学),人口、资源与环境经济学
地理科学类（基地班：自然地理与资源环境、人文地理与城乡规划、地理信息科学）,人口、资源与环境经济学
地理科学类(基地班：自然地理与资源环境、人文地理与城乡规划、地理信息科学）,人口、资源与环境经济学
地理信息科学,地图学与地理信息系统
地理信息科学（双语类）,地图学与地理信息系统
地理信息科学（普通类）,地图学与地理信息系统
机械工程,机械工程
机械工程（中白联合培养）,机械工程
机械工程（双语类）,机械工程
机械工程（单列）,机械工程
机械工程（普通类）,机械工程
机械与海洋工程类,机械工程
机械电子工程,机械电子工程
机械设计及其自动化(专项理）,机械制造及其自动化
机械设计制造及自动化,机械制造及其自动化
机械设计制造及其自动化,机械制造及其自动化
机械设计制造及其自动化（日语强化）,机械制造及其自动化
机械设计制造及其自动化（中外合作办学）（大连理工大学美国加州大学欧文分校联合项目）,机械制造及其自动化
机械设计制造及其自动化(中法校际交流),机械制造及其自动化
机械设计制造及其自动化(汉),机械制造及其自动化
机械设计制造及其自动化（汉）,机械制造及其自动化
机械设计制造及其自动化（机械卓越计划实验班）,机械制造及其自动化
机械设计制造及其自动化（创新实验班）,机械制造及其自动化
机械设计制造及其自动化（卓越计划）,机械制造及其自动化
机械设计制造及其自动化（国家贫困专项）,机械制造及其自动化
机械设计制造及其自动化（单列四年）,机械制造及其自动化
机械设计制造及其自动化（闽台合作）,机械制造及其自动化
机械设计制造及其自动化(闽台合作),机械制造及其自动化
机械设计制造及其自动化（闽台合作项目）,机械制造及其自动化
机械设计制造及其自动化（普通类）,机械制造及其自动化
机械设计制造及其自动化（藏）,机械制造及其自动化
机械设计制造及其自动化【机械设计制造及其自动化、机械设计制造及其自动化（国际班）】,机械制造及其自动化
机械学,机械工程
机械类,机械工程
机械类  （机电工程类）,机械电子工程
机械类#E,机械工程
机械类（工学Ⅰ）,机械工程
机械类(车辆),机械工程
机械类(中外合作办学),机械工程
机械类（中外合作办学）,机械工程
机械类（中外合作办学）（机械工程）,机械工程
机械类（双语类）,机械工程
机械类（汉）,机械工程
机械类(民族班),机械工程
机械类(机电),机械电子工程
机械类（机电工程类）,机械电子工程
机械类（机械工程）,机械工程
机械类(机械与海洋工程类),机械工程
机械类(机械设计与海洋工程类培养，含机械设计制造及其自动化、车辆,机械制造及其自动化
机械类（机械设计制造及其自动化、车辆工程）,机械制造及其自动化
机械类（机械设计制造及其自动化、车辆工程）（按机械与海洋工程类,机械制造及其自动化
机械类（机械设计制造及其自动化、车辆工程）（按机械与海洋工程类培,机械制造及其自动化
机械类（机械设计制造及其自动化、农业机械化及其自动化）,机械制造及其自动化
机械类（机械类创新实验班）,机械工程
机械类(含机械设计制造及其自动化、车辆工程),机械制造及其自动化
机械类（含机械设计制造及其自动化、农业机械化及其自动化专业）,机械制造及其自动化
机械类(含机械设计制造及其自动化、材料成型及控制工程、过程装备与控制工程专业),机械制造及其自动化
机械类(茅以升学院),机械工程
机械类（国家专项）,机械工程
机械类（国家专项计划）,机械工程
机械类（单列类）,机械工程
机械类（按机械与海洋工程类招生，含机械设计制造及其自动化、车辆工,机械制造及其自动化
机械类（按机械与海洋工程类培养）,船舶与海洋工程
机械类(按机械与海洋工程类培养),船舶与海洋工程
机械类(按机械与海洋工程类培养)(机械设计制造及其自动化、车辆工程),机械制造及其自动化
机械类(按机械与海洋工程类培养，含机械设计,船舶与海洋工程
机械类（按机械与海洋工程类培养，含机械设计制造及其自动化、车辆工,船舶与海洋工程
机械类（高校专项）,机械工程
机械类（高端装备与智能制造）,机械工程
机械类（高端装备与智能制造、机器人）,机械工程
机械类（智能装备）,机械工程
机械类（普通类）,机械工程
机械类（藏）,机械工程
机械类）,机械工程
机器人工程,机械工程
过程装备与控制工程,控制科学与工程
过程装备与控制工程（双语类）,控制科学与工程
过程装备与控制工程（含安全工程专业）,控制科学与工程
过程装备与控制工程（单列）,控制科学与工程
过程装备与控制工程(面向泉州),控制科学与工程
过程装备与控制工程（面向泉州）,控制科学与工程
过程装备与控制工程（普通类）,控制科学与工程
过程装备与控制工程【过程装备与控制工程、安全工程】,控制科学与工程
西班牙语,西班牙语语言文学
西班牙语（企业管理）,西班牙语语言文学
西班牙语（商务）,西班牙语语言文学
轨道交通信号与控制,交通信息工程及控制
光电技术与物理类,电气工程
光电信息科学与工程,电气工程
光电信息科学与工程（“王大珩”光电创新实验班）,电气工程
光电信息科学与工程（王大珩光电创新实验班）,电气工程
光电信息科学与工程（少）,电气工程
光电信息科学与工程(光电技术与物理类),电气工程
光电信息科学与工程（光电卓越计划实验班）,电气工程
光电信息科学与工程（光电信息技术方向）,电气工程
光电信息科学与工程(光电信息技术方向),电气工程
光电信息科学与工程（光电信息技术方向）（按光电技术与物理类招生）,电气工程
光电信息科学与工程（国家专项）,电气工程
光电信息科学与工程（定向）,电气工程
光电信息科学与工程（按光电技术与物理类培养）,电气工程
光电信息科学与工程(按光电技术与物理类培养),电气工程
光电信息科学与工程（按光电技术物理类培养）,电气工程
光电信息科学与工程(智能影像工程方向),电气工程
光电信息科学与工程（普通类）,电气工程
光电信息科学与工程【光电信息科学与工程、测控技术与仪器】,电气工程
网络工程,计算机科学与技术
网络工程(网络空间安全类),计算机科学与技术
网络工程（按网络空间安全类招生）,计算机科学与技术
网络工程(铁道信号方向),计算机科学与技术
网络与信息安全类,计算机科学与技术
网络与新媒体,计算机科学与技术
网络与新媒体(智能融媒体运营方向),计算机科学与技术
网络与新媒体（媒体创意方向）,计算机科学与技术
网络与新媒体(媒体创意方向),计算机科学与技术
网络与新媒体（新媒体网络经营方向）,计算机科学与技术
网络空间安全,计算机科学与技术
网络空间安全（双语类）,计算机科学与技术
网络空间安全（单列类）,计算机科学与技术
网络空间安全（按网络空间安全类培养）,计算机科学与技术
网络空间安全(按网络空间安全类培养),计算机科学与技术
网络空间安全（普通类）,计算机科学与技术
网络空间安全类,计算机科学与技术
传播学,传播学
传播学（网络传播）,传播学
传播学（网络编辑方向）,传播学
传播学(网络编辑方向),传播学
传播学（网络新媒体方向）,传播学
传播学（媒体市场调查与分析方向）,传播学
传播学(媒体市场调查与分析方向),传播学
传播学（新媒体方向）,传播学
传播学(新媒体方向),传播学
传播学（新媒体传播方向）,传播学
自动化,电力系统及其自动化
自动化 ,电力系统及其自动化
自动化（中外合作办学 中爱）,电力系统及其自动化
自动化(中外合作办学),电力系统及其自动化
自动化（中外合作办学）,电力系统及其自动化
自动化(中外合作办学)（与俄罗斯圣光机大学合作办学，中英文授课，,电力系统及其自动化
自动化(中外合作办学)（与俄罗斯圣光机大学合作办学，中英文授课，学,电力系统及其自动化
自动化（双语类）,电力系统及其自动化
自动化(汉),电力系统及其自动化
自动化（汉）,电力系统及其自动化
自动化（民）,电力系统及其自动化
自动化（交叉创新实验班）,电力系统及其自动化
自动化（含卓越工程师）,电力系统及其自动化
自动化（卓越计划）,电力系统及其自动化
自动化（卓越计划实验班）,电力系统及其自动化
自动化（单列）,电力系统及其自动化
自动化（单列类）,电力系统及其自动化
自动化(定向),电力系统及其自动化
自动化（定向）,电力系统及其自动化
自动化(定向)#B9,电力系统及其自动化
自动化（高校专项）,电力系统及其自动化
自动化（理科交叉创新实验班）,电力系统及其自动化
自动化（普通类）,电力系统及其自动化
自动化(演艺工程与智能技术方向),电力系统及其自动化
自动化（演艺工程与舞台技术方向）,电力系统及其自动化
自动化（藏）,电力系统及其自动化
自动化专业（中外合作办学）,电力系统及其自动化
自动化类,电力系统及其自动化
自动化类(中外合作办学),电力系统及其自动化
自动化类(机器人与人工智能),电力系统及其自动化
自动化类(自动化),电力系统及其自动化
自动化类（国家专项）,电力系统及其自动化
自然地理与资源环境,农业资源与环境
自然地理与资源环境（双语类）,农业资源与环境
自然地理与资源环境（单列类）,农业资源与环境
自然地理与资源环境（普通类）,农业资源与环境
自然保护与环境生态类,环境与资源保护法学
自然保护与环境生态类（农学）,环境与资源保护法学
自然保护与环境生态类（国家专项计划）,环境与资源保护法学
自然保护与环境生态类（预科）,环境与资源保护法学
行政管理,行政管理
行政管理 ,行政管理
行政管理(中美合作1+2+1),行政管理
行政管理（文）,行政管理
行政管理（双语类）,行政管理
行政管理（单列）,行政管理
行政管理（单列类）,行政管理
行政管理（高校专项）,行政管理
行政管理（理）,行政管理
行政管理（智慧城市治理方向）,行政管理
行政管理(智慧城市治理方向),行政管理
行政管理（普通类）,行政管理
行政管理科,行政管理
会计学,会计学
会计学 ,会计学
会计学  (  双培计划  ),会计学
会计学  (  外培计划  ),会计学
会计学#H,会计学
会计学(ACCA),会计学
会计学（ACCA方向）,会计学
会计学（中外合作办学）,会计学
会计学(中外合作办学),会计学
会计学（双语实验班）,会计学
会计学（汉）,会计学
会计学（民）,会计学
会计学（会计学、财务管理、审计学）,会计学
会计学(会计学类),会计学
会计学(含会计学、财务管理),会计学
会计学（含会计学、财务管理）,企业管理（含：财务管理、市场营销、人力资源管理）
会计学(含会计学、财务管理、审计学),会计学
会计学（含会计学、财务管理专业）,企业管理（含：财务管理、市场营销、人力资源管理）
会计学（国防生）,会计学
会计学（国际会计师）,会计学
会计学(国际会计师),会计学
会计学（注册会计师）,会计学
会计学（注册会计师专门化方向）,会计学
会计学（注会实验班）,会计学
会计学（按会计学类培养）,会计学
会计学(按会计学类培养),会计学
会计学(按会计学类培养)(含会计学、财务管理、审计学),企业管理（含：财务管理、市场营销、人力资源管理）
会计学(按会计学类培养，会计学、财务管理、审,管理学
会计学(按会计学类培养，含会计学、财务管理、,企业管理（含：财务管理、市场营销、人力资源管理）
会计学（按会计学类培养，含会计学、财务管理、审计学）,企业管理（含：财务管理、市场营销、人力资源管理）
会计学(按会计学类培养，含会计学、财务管理、审计学),企业管理（含：财务管理、市场营销、人力资源管理）
会计学（茶学院）,会计学
会计学（闽台合作项目）,会计学
会计学（厦门大学与爱尔兰都柏林商学院合作举办）,会计学
会计学（厦门大学马来西亚分校）,会计学
会计学（智能会计）,会计学
会计学(藏),会计学
会计学（藏）,会计学
会计学类,会计学
会展经济与管理,教育经济与管理
会展经济与管理科,教育经济与管理
合计,合计
合计（汉）,合计（汉）
匈牙利语,外国语言文学
交通工程,交通运输工程
交通工程（双语类）,交通运输工程
交通工程（国际工程班）,交通运输工程
交通工程（单列）,交通运输工程
交通工程（单列类）,交通运输工程
交通工程（普通类）,交通运输工程
交通工程??????????? （国际工程班）,交通运输工程
交通设备与控制工程,交通信息工程及控制
交通设备与控制工程（中白联合培养）,交通信息工程及控制
交通运输,交通运输工程
交通运输（民航电子电气工程）,交通运输工程
交通运输（民航机务工程）,交通运输工程
交通运输（民航运输管理）,交通运输规划与管理
交通运输（机场运行与管理）,交通运输规划与管理
交通运输（空中交通管制与签派）,交通运输规划与管理
交通运输(城市轨道交通方向),交通运输工程
交通运输类,交通运输工程
交通运输类（汉）,交通运输工程
交通运输类（民）,交通运输工程
交通运输类（汽车学院）,交通运输工程
交通运输类(茅以升学院),交通运输工程
交通运输类（经管学院）,交通运输工程
交通运输类（藏）,交通运输工程
交通运输类(藏),交通运输工程
交通管理,交通运输规划与管理
宇航与机电类,航空宇航科学与技术
宇航与机电类(民族班),航空宇航科学与技术
宇航与机电类(国家专项),航空宇航科学与技术
安全工程,安全技术及工程
安全工程(民族班),安全技术及工程
安全工程(交通安全与信息技术),安全技术及工程
安全工程（安全检测技术）,安全技术及工程
安全工程(定向),安全技术及工程
安全工程（定向）,安全技术及工程
安全科学与工程类,安全技术及工程
安全科学与工程类(中外合作办学),安全技术及工程
农业水利工程,农业水土工程
农业电气化,农业电气化与自动化
农业机械化及其自动化,农业电气化与自动化
农业机械化及其自动化（本硕博班）,农业电气化与自动化
农业经济管理类,农业经济管理
农业经济管理类（民考汉）,农业经济管理
农业经济管理类（国家专项）,农业经济管理
农业资源与环境,农业资源与环境
农业资源与环境（中加合作班）,农业资源与环境
农业资源与环境（本硕博班）,农业资源与环境
农村区域发展,区域经济学
农村区域发展（国家专项计划）,区域经济学
农林经济管理,农林经济管理
农林经济管理 ,农林经济管理
农林经济管理（文史）,农林经济管理
农林经济管理（本硕博班）,农林经济管理
农林经济管理（理工）,农林经济管理
农林经济管理（梁希实验班）,农林经济管理
农学,农学
农学（本硕博班）,农药学（可授农学、理学学位）
设计学类,设计艺术学
设计学类 ,设计艺术学
设计学类(工业设计),设计艺术学
设计学类（工业设计）,设计艺术学
设计学类（工业设计）（国家专项）,设计艺术学
设计学类（加权成绩）,设计艺术学
设计学类(加权成绩),设计艺术学
设计学类（产品设计、数字媒体艺术）（美术类统考成绩）,设计艺术学
设施农业科学与工程,农业机械化工程
戏剧影视文学,戏剧戏曲学
戏剧影视导演,戏剧戏曲学
运动人体科学,运动人体科学
运动人体科学      ,运动人体科学
运动康复,运动医学
运动康复     ,运动医学
投资学,经济学
护理(三校高职),护理学
护理学,护理学
护理学 ,护理学
护理学（文史）,护理学
护理学(南单理）,护理学
护理学（理工）,护理学
劳动与社会保障,社会保障
劳动与社会保障（双语类）,社会保障
劳动与社会保障（单列）,社会保障
劳动与社会保障（单列类）,社会保障
劳动与社会保障（普通类）,社会保障
克罗地亚语,外国语言文学
材料化学,材料物理与化学
材料化学 ,材料物理与化学
材料化学（稀土材料）,材料物理与化学
材料成型及控制工程,材料加工工程
材料成型及控制工程（中白联合培养）,材料加工工程
材料成型及控制工程(双语类),材料加工工程
材料成型及控制工程(汉),材料加工工程
材料成型及控制工程（汉）,材料加工工程
材料成型及控制工程（民）,材料加工工程
材料成型及控制工程(民),材料加工工程
材料成型及控制工程（材料卓越计划实验班）,材料加工工程
材料成型及控制工程（单列）,材料加工工程
材料成型及控制工程（普通类）,材料加工工程
材料物理,材料物理与化学
材料学,材料学
材料科学与工程,材料科学与工程
材料科学与工程#E,材料科学与工程
材料科学与工程（少）,材料科学与工程
材料科学与工程（双语类）,材料科学与工程
材料科学与工程（汉）,材料科学与工程
材料科学与工程(材料类),材料科学与工程
材料科学与工程（国家专项）,材料科学与工程
材料科学与工程（单列）,材料科学与工程
材料科学与工程（按材料类招生）,材料科学与工程
材料科学与工程（高校专项）,材料科学与工程
材料科学与工程（普通类）,材料科学与工程
材料科学与工程(藏),材料科学与工程
材料科学与技术类,木材科学与技术
材料类,材料学
材料类 ,材料学
材料类（中外合作办学）,材料学
材料类（中外合作办学）（材料科学与工程）,材料科学与工程
材料类（中外合作办学）（材料科学与工程专业）,材料科学与工程
材料类(先进材料及绿色制造),材料科学与工程
材料类（材料科学与工程）,材料科学与工程
材料类(材料科学与工程、高分子材料与工程、材料物理、新能源材料与,材料科学与工程
材料类（材料科学与工程、高分子材料与工程、材料物理、新能源材料与器件）,材料科学与工程
材料类(材料科学与工程、高分子材料与工程、材料物理、新能源材料与器件),材料科学与工程
材料类（材料科学与技术）,材料科学与工程
材料类(材料科学与技术),材料科学与工程
材料类(含无机非金属材料工程、高分子材料与工程、复合材料与工程、新能源材料与器件专业),材料科学与工程
材料类(茅以升学院),材料学
材料类（国家专项）,材料学
材料类（特种功能先进材料及全周期绿色设计与制造）,材料学
材料理科,材料学
医学技术类,医学
医学实验技术（医学科学实验班）,医学
医学信息工程,医学
医学院,医学
医学检验技术,医学
医学检验技术 ,医学
医学影像学,影像医学与核医学
医学影像学(五年),影像医学与核医学
医学影像学（五年制）,影像医学与核医学
医学影像学（国家贫困专项）,影像医学与核医学
园艺,园艺学
园艺（中加合作班）,园艺学
园艺（本硕博班）,园艺学
园艺(观赏园艺),园林植物与观赏园艺
园艺（观赏园艺方向）,园林植物与观赏园艺
园艺（国家专项计划）,园艺学
园林,林学
园林（国家专项计划）,林学
邮政工程,市政工程
邮政工程(互联网与智慧物流),市政工程
邮政管理,管理学
邮政管理(互联网与智慧物流),管理学
财务管理,管理学
财务管理（双语实验班）,企业管理（含：财务管理、市场营销、人力资源管理）
财务管理科,企业管理（含：财务管理、市场营销、人力资源管理）
财政学,财政学（含∶税收学）
财政学（民）,财政学（含∶税收学）
财政学（单列类）,财政学（含∶税收学）
财政学类,财政学（含∶税收学）
财政学类（国家专项）,财政学（含∶税收学）
兵器类,兵器科学与技术
兵器类（国家专项）,兵器科学与技术
体育学类,体育学
体育经济与管理,体育人文社会学
体育经济与管理     ,体育人文社会学
体育教育,体育教育训练学
体育教育(师范),体育教育训练学
作曲与作曲技术理论,设计艺术学
应用气象学,气象学
应用化学,应用化学
应用化学 ,应用化学
应用化学(含化学、应用化学、材料化学),应用化学
应用化学（含化学、应用化学、材料化学专业）,应用化学
应用化学（张大煜化学菁英班）,应用化学
应用化学（张大煜化学菁英班）（理学）,应用化学
应用化学（理学）,应用化学
应用化学-优培计划,应用化学
应用心理学,应用心理学
应用心理学      ,应用心理学
应用心理学（文史）,应用心理学
应用心理学（汉）,应用心理学
应用心理学（理工）,应用心理学
应用物理学,物理学
应用物理学 ,物理学
应用物理学（王大珩物理科学班）,物理化学（含：化学物理）
应用物理学（能源科学方向）,物理化学（含：化学物理）
应用语言学,语言学及应用语言学
应用统计学,统计学
应用统计学（中外合作办学）,统计学
应用统计学（中外合作办学）  （风险和精算）,统计学
应用统计学（风险和精算）,统计学
应用理科(拔尖人才试点班),应用数学
应用数学与统计类,应用数学
冶金工程,冶金工程
汽车服务工程,车辆工程
社会工作,社会学
社会工作(专项文）,社会学
社会工作（南疆计划）,社会学
社会工作（蒙授）,社会学
社会体育指导与管理,体育人文社会学
社会学,社会学
社会学 ,社会学
社会学（双语类）,社会学
社会学（社会管理）,社会学
社会学（单列类）,社会学
社会学（定向）,社会学
社会学(定向),社会学
社会学（普通类）,社会学
社会学类,社会学
社会学类（人文社科类）,体育人文社会学
社会学类（中外合作办学）,社会学
社会学类（中外合作办学）社会工作,社会学
社会学类（代表人文社科类）,体育人文社会学
社会学类(含社会学、社会工作),社会学
社会学类（国家专项）,社会学
社会科学试验班,社会学
社会科学试验班（国家专项）,社会学
社会科学试验班（经济类）,社会学
社会科学试验班(信息管理类),社会学
社会科学试验班（管理学科类）,社会学
社会科学试验班（管理学科类，国家专项）,社会学
社会科学试验班（管理类）,社会学
社会科学试验班（精品文科班）,社会学
社会科学试验班(精品文科班),社会学
阿拉伯语,阿拉伯语语言文学
阿拉伯语（文史）,阿拉伯语语言文学
阿拉伯语（理工）,阿拉伯语语言文学
纺织工程,纺织工程
纺织工程（双语类）,纺织工程
纺织工程（定向）（单列）,纺织工程
纺织工程（普通类）,纺织工程
纺织类,纺织工程
纺织类（国家专项计划）,纺织工程
环境工程,环境工程
环境工程 ,环境工程
环境工程#E,环境工程
环境工程(专项理）,环境工程
环境工程(环境科学与工程类),环境科学与工程
环境工程（国家贫困专项）,环境工程
环境工程（按环境科学与工程类招生）,环境科学与工程
环境工程(按环境科学与工程类培养),环境科学与工程
环境工程（按环境科学与工程类培养）,环境科学与工程
环境工程（闽台合作项目）,环境工程
环境工程(菁英班),环境工程
环境生态工程,环境工程
环境设计,环境科学
环境科学,环境科学
环境科学（双语类）,环境科学
环境科学（含环境科学专业、环境工程专业、环境生态学）,环境科学与工程
环境科学（单列）,环境科学
环境科学（单列类）,环境科学
环境科学（普通类）,环境科学
环境科学与 ?工程类,环境科学与工程
环境科学与工程,环境科学与工程
环境科学与工程类,环境科学与工程
环境科学与工程类 ,环境科学与工程
环境科学与工程类(地球科学与环境类),环境科学与工程
环境科学与工程类(含环境工程、安全工程专业),环境科学与工程
环境科学与工程类(含环境科学、环境工程),环境科学与工程
环境科学与工程类（含环境科学专业、环境工程专业、环境生态工程）,环境科学与工程
环境科学与工程类（环境工程、环境生态工程）,环境科学与工程
环境科学与工程类(环境工程、环境科学),环境科学与工程
环境科学与工程类(环境地球科学类),环境科学与工程
环境科学与工程类（环境科学、环境工程、环境生态工程）,环境科学与工程
环境科学与工程类（国家专项计划）,环境科学与工程
表演,艺术学
英语,英语语言文学
英语 ,英语语言文学
英语（121项目）,英语语言文学
英语(专项文）,英语语言文学
英语(专项理）,英语语言文学
英语(中加),英语语言文学
英语(中美合作1+2+1),英语语言文学
英语（公费师范）,英语语言文学
英语（文）,英语语言文学
英语（文史）,英语语言文学
英语（文科）,英语语言文学
英语(双外语),英语语言文学
英语（外语要求不低于115分）,英语语言文学
英语(汉),英语语言文学
英语（汉）,英语语言文学
英语（民）,英语语言文学
英语(民),英语语言文学
英语（民航业务、国际贸易）,英语语言文学
英语(师范),英语语言文学
英语（师范）,英语语言文学
英语（师范类）,英语语言文学
英语（含翻译专业）,英语语言文学
英语（免费师范）,英语语言文学
英语（招英语考生）（按外国语言文学类培养）,英语语言文学
英语(英日),英语语言文学
英语（英日）,英语语言文学
英语(英语类),英语语言文学
英语（国际贸易）,英语语言文学
英语（国家专项）,英语语言文学
英语（国家专项计划）,英语语言文学
英语（国家贫困专项）,英语语言文学
英语（单列）,英语语言文学
英语（单列类）,英语语言文学
英语（宝山校区）,英语语言文学
英语(按外国语言文学类培养),外国语言文学
英语（按外国语言文学类培养）,外国语言文学
英语(南单文）,英语语言文学
英语(南单理）,英语语言文学
英语（高校专项）,英语语言文学
英语（涉外法商）,英语语言文学
英语（预科）,英语语言文学
英语（理）,英语语言文学
英语（理工）,英语语言文学
英语（教育）,英语语言文学
英语(商务),英语语言文学
英语（商务）,英语语言文学
英语(商务英语),英语语言文学
英语（商务英语),英语语言文学
英语（商务英语）,英语语言文学
英语（普通类）,英语语言文学
英语（零起点）,英语语言文学
英语(零起点),英语语言文学
英语（翻译方向）,英语语言文学
英语【英语、翻译】,英语语言文学
英语类,英语语言文学
林业工程类,林业工程
林业工程类(成栋班),林业工程
林产化工,林业工程
林学,林学
林学类,林学
林学类(成栋实验班),林学
林学类（含林学、森林保护专业）,森林保护学
矿业类,矿业工程
矿物加工工程,矿物加工工程
矿物加工工程 ,矿物加工工程
矿物加工工程（地矿）,矿物加工工程
矿物加工工程（地矿专业）,矿物加工工程
矿物加工工程(地矿专业),矿物加工工程
矿物加工工程（宝玉石学）,矿物加工工程
矿物加工工程(提前批),矿物加工工程
矿物加工工程（提前批）,矿物加工工程
矿物加工工程??,矿物加工工程
矿物资源工程,矿物加工工程
轮机工程（陆上专业）,轮机工程
软件工程,计算机软件与理论
软件工程（中外合作办学 中爱）,计算机软件与理论
软件工程（中外合作办学）,计算机软件与理论
软件工程(中外合作办学),计算机软件与理论
软件工程（双语类）,计算机软件与理论
软件工程（含网络工程专业）,计算机软件与理论
软件工程（含软件工程、数字媒体技术）,计算机软件与理论
软件工程(软件工程类),计算机软件与理论
软件工程（单列）,计算机软件与理论
软件工程（单列类）,计算机软件与理论
软件工程(定向),计算机软件与理论
软件工程（移动互联网方向）,计算机软件与理论
软件工程（厦门大学马来西亚分校）,计算机软件与理论
软件工程（嵌入式培养）,计算机软件与理论
软件工程(嵌入式培养),计算机软件与理论
软件工程（普通类）,计算机软件与理论
软件工程【软件工程、网络工程】,计算机软件与理论
软件工程专业（中外合作办学）,计算机软件与理论
非织造材料与工程,纺织材料与纺织品设计
国民经济管理,国民经济学
国民经济管理（中外合作办学）,国民经济学
国际事务与国际关系,国际关系
国际经济与贸易,国际贸易学
国际经济与贸易（五年）,国际贸易学
国际经济与贸易（日语）,国际贸易学
国际经济与贸易（中外合作办学）,国际贸易学
国际经济与贸易（文）,国际贸易学
国际经济与贸易（文史）,国际贸易学
国际经济与贸易（文科）,国际贸易学
国际经济与贸易（双语实验班）,国际贸易学
国际经济与贸易(民),国民经济学
国际经济与贸易（国际金融与投资）,国际贸易学
国际经济与贸易（单列类）,国际贸易学
国际经济与贸易（理）,国际贸易学
国际经济与贸易（理工）,国际贸易学
国际经济与贸易（瀚德实验1班）德语,国际贸易学
国际经济与贸易（瀚德实验1班德语，仅招有专业志愿考生）,国际贸易学
国际经济与贸易(瀚德实验1班德语，仅招有专业志愿考生),国际贸易学
国际经济与贸易（瀚德实验1班德语，招有专业志愿考生）,国际贸易学
国际经济与贸易（瀚德实验2班）葡萄牙语,国际贸易学
国际经济与贸易（瀚德实验2班葡萄牙语，仅招有专业志愿考生）,国际贸易学
国际经济与贸易（瀚德实验班1班）德语,国际贸易学
国际经济与贸易（瀚德实验班2班葡萄牙语，仅招有专业志愿考生）,国际贸易学
国际政治,国际政治
国际政治（双语类）,国际政治
国际政治（民考汉）,国际政治
国际政治（国家专项）,国际政治
国际政治（单列）,国际政治
国际政治（单列类）,国际政治
国际政治（普通类）,国际政治
国际商务,国际政治
国际商务（中外合作办学）,国际贸易学
国际商务（双语实验班）,国际贸易学
国际商务（外语二学位）,国际贸易学
国际商务（全英文科教学）,国际贸易学
国际商务(全英文科教学),国际贸易学
国际商务（厦门大学马来西亚分校）,国际贸易学
国际商务（德语与德语国家研究）,国际贸易学
国家专项|机械类,机械工程
国家专项|光电信息科学与工程,地图制图学与地理信息工程
国家专项|自动化,农业电气化与自动化
国家专项|英语,英语语言文学
国家专项|数学类,数学
国家专项|管理科学与工程类,材料科学与工程
图书情报与档案管理,"图书馆,情报与档案管理"
图书情报与档案管理类,"图书馆,情报与档案管理"
图书情报与档案管理类(信息管理学类),"图书馆,情报与档案管理"
制药工程,药学
制药工程 ,药学
制药工程（少）,药学
制药工程(民族班),药学
知识产权,法学
知识产权 ,法学
知识产权（卓越人才实验班）,法学
物化生组,生物化工
物流工程,公共管理
物流管理,公共管理
物流管理（文史）,公共管理
物流管理（双语类）,公共管理
物流管理（民）,公共管理
物流管理（物流系统工程）,公共管理
物流管理（单列类）,公共管理
物流管理（定向）,公共管理
物流管理(定向),公共管理
物流管理（闽台合作）,公共管理
物流管理(闽台合作),公共管理
物流管理（理工）,公共管理
物流管理（普通类）,公共管理
物流管理（管理学创新实验班）,公共管理
物流管理与工程类,公共管理
物流管理科,公共管理
物理学,物理学
物理学（公费师范）,物理学
物理学（双语类）,物理学
物理学（协同创新实验班）,物理学
物理学（师范）,物理学
物理学(师范),物理学
物理学（严济慈物理学英才班）,物理学
物理学（免费师范）,物理学
物理学（单列类）,物理学
物理学（预科）,物理学
物理学(基地班),物理学
物理学（基地班）,物理学
物理学（基础学科拔尖人才培养实验班）,物理学
物理学（普通类）,物理学
物理学类,物理学
物理学类 ,物理学
物理学类(含应用物理学、光电信息科学与工程专业),物理学
物理学类（应用物理学、物理学、电子信息科学与技术）,物理学
物理学类（物理学、应用物理学）,物理学
物理学类(物理学、应用物理学),物理学
物理学类(物理学、应用物理学) ,物理学
物理学类（按光电技术与物理类培养）,物理学
物理菁英班,物理学
物理菁英班（国家专项）,物理学
物联网工程,信息与通讯工程
物联网工程（中外合作办学）,信息与通讯工程
物联网工程(汉),信息与通讯工程
物联网工程（汉）,信息与通讯工程
物联网工程（民）,信息与通讯工程
物联网工程(民),信息与通讯工程
物联网工程（单列四年）,信息与通讯工程
物联网工程（单列类）,信息与通讯工程
物联网工程（普通类）,信息与通讯工程
侦查学（刑事侦查）,军事情报学
侦查学（经济侦查）,军事情报学
质量管理工程,管理学
金属材料工程,材料加工工程
金属材料工程（日语强化）,材料加工工程
金融工程,冶金工程
金融学,金融学（含∶保险学）
金融学  (  国际金融  ),金融学（含∶保险学）
金融学  (  金融经济  ),金融学（含∶保险学）
金融学  (  金融科技  ),金融学（含∶保险学）
金融学（121项目）,金融学（含∶保险学）
金融学(专项理）,金融学（含∶保险学）
金融学（五年）,金融学（含∶保险学）
金融学（中外合作办学）,金融学（含∶保险学）
金融学（中外合作办学类）,金融学（含∶保险学）
金融学(中美校际交流),金融学（含∶保险学）
金融学（双语实验班）,金融学（含∶保险学）
金融学（双语类）,金融学（含∶保险学）
金融学（双培计划）,金融学（含∶保险学）
金融学(含国际化班),金融学（含∶保险学）
金融学（证券与期货方向）,金融学（含∶保险学）
金融学（国际组织与全球治理）,金融学（含∶保险学）
金融学（国家贫困专项）,金融学（含∶保险学）
金融学（金融工程）,金融学（含∶保险学）
金融学（金融科技）,金融学（含∶保险学）
金融学（单列）,金融学（含∶保险学）
金融学（单列类）,金融学（含∶保险学）
金融学(定向),金融学（含∶保险学）
金融学（俄语与俄语国家研究）,金融学（含∶保险学）
金融学（厦门大学与爱尔兰都柏林商学院合作举办）,金融学（含∶保险学）
金融学（厦门大学马来西亚分校）,金融学（含∶保险学）
金融学（普通类）,金融学（含∶保险学）
金融学（数量金融）,金融学（含∶保险学）
金融学类,金融学（含∶保险学）
金融学类（中外合作办学,金融学（含∶保险学）
金融学类（中外合作办学）,金融学（含∶保险学）
金融学类(中外合作办学)(金融学)(亚澳),金融学（含∶保险学）
金融学类(中外合作办学)（金融学）（亚澳商学院）,金融学（含∶保险学）
金融学类（中外合作办学））,金融学（含∶保险学）
金融学类（文）,金融学（含∶保险学）
金融学类(弘毅学堂数理经济与数理金融试验班),金融学（含∶保险学）
金融学类（含:金融学）,金融学（含∶保险学）
金融学类（国家专项）,金融学（含∶保险学）
金融学类（金融学）,金融学（含∶保险学）
金融学类(金融学、保险学),金融学（含∶保险学）
金融学类（金融学、保险学）,金融学（含∶保险学）
金融学类(金融学、保险学) ,金融学（含∶保险学）
金融学类（经济学）,金融学（含∶保险学）
金融学类（高校专项）,金融学（含∶保险学）
金融学类（理）,金融学（含∶保险学）
金融学类（厦门大学与爱尔兰都柏林商学院合作举办）,金融学（含∶保险学）
金融学类(数理经济与数理金融试验班),金融学（含∶保险学）
金融类,金融学（含∶保险学）
金融数学,金融学（含∶保险学）
金融数学(中美校际交流),金融学（含∶保险学）
采矿工程,采矿工程
采矿工程（双语类）,采矿工程
采矿工程（地矿）,采矿工程
采矿工程(地矿专业),矿业工程
采矿工程（地矿专业）,矿业工程
采矿工程（单列）,采矿工程
采矿工程(提前批),采矿工程
采矿工程（提前批）,采矿工程
采矿工程（普通类）,采矿工程
服装与服饰设计,服装设计与工程
服装与服饰设计（双语类）,服装设计与工程
服装与服饰设计（单列）,服装设计与工程
服装与服饰设计（普通类）,服装设计与工程
服装设计与工程,服装设计与工程
服装设计与工程（双语类）,服装设计与工程
服装设计与工程（普通类）,服装设计与工程
服装设计与工程（普通类/工）,服装设计与工程
法医学,法医学
法医学（五年制）,法医学
法学,法学
法学 ,法学
法学(专项文）,法学
法学（文）,法学
法学（文科）,法学
法学（双语类）,法学
法学（本硕贯通卓越法律人才实验班）,法学
法学（汉）,法学
法学（民考汉）,法学
法学（民商法律）,法学
法学（刑事法律）,法学
法学（沪港合作涉外卓越法律人才实验班）,法学
法学（沪港交流涉外卓越法律人才实验班）,法学
法学（卓越实验班）,法学
法学（国际经济法）,国际法学（含：国际公法、国际私法、国际经济法
法学（国家专项）,法学
法学（国家贫困专项）,法学
法学(知识产权),法学
法学（单列）,法学
法学（单列类）,法学
法学（法学与会计学双学位班）,法学
法学（经济法）,经济法学
法学(经济法）,经济法学
法学(南单文）,法学
法学（南疆计划）,法学
法学（高校专项）,法学
法学（涉外卓越国际金融法律人才实验班）,法学
法学（涉外卓越商事法律人才实验班）,法学
法学(涉外法律方向),法学
法学（理）,法学
法学（普通类）,法学
法学（蒙授）,法学
法学（藏）,法学
法学（瀚德实验1班）西班牙语,法学
法学（瀚德实验1班西班牙语，仅招有专业志愿考生）,法学
法学（瀚德实验1班西班牙语仅，招有专业志愿考生）,法学
法学（瀚德实验2班）法语,法学
法学（瀚德实验2班法语，仅招有专业志愿考生）,法学
法学（瀚德实验班1班）西班牙语,法学
法学（瀚德实验班2班法语，仅招有专业志愿考生）,法学
法学类,法学
法学类（卓越人才实验班）,法学
法学类（卓越法律人才实验班）,法学
法学类(卓越法律人才实验班）,法学
法学类（法学）,法学
法学类(法学、社会学),法学
法学类（法学、知识产权）,法学
法学类(法学、知识产权),法学
法律（民商法律）,民商法学（含：劳动法学、社会保障法学）
法语,法语语言文学
法语（中外合作办学）,法语语言文学
法语（国际关系）,法语语言文学
油气储运工程,油气储运工程
油气储运工程(面向泉州),油气储运工程
油气储运工程（面向泉州）,油气储运工程
波兰语,欧洲语言文学
波斯语,阿拉伯语语言文学
治安学,管理学
学前教育,学前教育学
学前教育（仅招有专业志愿考生）,学前教育学
学前教育（仅招有专业志愿报考考生）,学前教育学
学前教育（公费师范生，仅招有专业志愿考生）,学前教育学
学前教育(师范),学前教育学
学前教育（师范）,学前教育学
学前教育（师范类),学前教育学
学前教育（师范类）,学前教育学
学前教育（免费师范）,学前教育学
学前教育（预科）,学前教育学
学前教育类,学前教育学
宝石及材料工艺学,材料学
审计学,统计学
空间电子信息类,空间物理学
空间科学与技术,航空宇航科学与技术
空间信息与数字技术,地球探测与信息技术
房地产开发与管理,土地资源管理
视觉传达设计,设计艺术学
视觉传达设计(双语类),设计艺术学
视觉传达设计（单列）,设计艺术学
视觉传达设计（普通类）,设计艺术学
建筑电气与智能化,农业电气化与自动化
建筑电气与智能化(汉),农业电气化与自动化
建筑电气与智能化(民),农业电气化与自动化
建筑电气与智能化（民）,农业电气化与自动化
建筑电气与智能化（单列四年）,农业电气化与自动化
建筑电气与智能化（定向）,农业电气化与自动化
建筑电气与智能化(定向),农业电气化与自动化
建筑电气与智能化（普通类）,农业电气化与自动化
建筑环境与能源应用工程,农业生物环境与能源工程
建筑环境与能源应用工程（双语类）,农业生物环境与能源工程
建筑环境与能源应用工程（单列）,农业生物环境与能源工程
建筑环境与能源应用工程（普通类）,农业生物环境与能源工程
建筑学,建筑学
建筑学(五年),建筑学
建筑学（双语类）,建筑学
建筑学（单列类）,建筑学
建筑学（普通类）,建筑学
建筑类,建筑学
建筑类（五年制）,建筑学
经济,经济学
经济与金融,经济学
经济与贸易类,经济学
经济与贸易类（中外合作办学）,经济学
经济与贸易类（中外合作办学））,经济学
经济与贸易类（汉）,经济学
经济与贸易类（含国际经济与贸易）,经济学
经济与贸易类（国际经济与贸易）,国际贸易学
经济与贸易类（国际经济与贸易、金融学）,国际贸易学
经济与贸易类（藏）,经济学
经济学,经济学
经济学（中外合作办学）,经济学
经济学(中外合作办学),经济学
经济学（文）,经济学
经济学（双语类）,经济学
经济学（创新实验班）,经济学
经济学（国家经济学基础人才培养基地班）,国民经济学
经济学（单列）,经济学
经济学（单列类）,经济学
经济学(实验班),经济学
经济学（实验班）,经济学
经济学(实验班）,经济学
经济学（理）,理论经济学
经济学(基地班),经济学
经济学（普通类）,经济学
经济学(数理经济实验班),经济学
经济学专业（中外合作办学）,经济学
经济学类,经济学
经济学类 ,经济学
经济学类  (  财经类）,经济学
经济学类  (  经贸类  ),经济学
经济学类  （经贸类）,经济学
经济学类(中外合作办学),经济学
经济学类(中美121双学位班，全英文科教学),经济学
"经济学类(中美联合培养121国际班,全英文科教学)",经济学
经济学类（代表经济管理类）,经济学
经济学类（民考汉）,经济学
经济学类(全英文科教学，中美121双学位班),经济学
经济学类（财经类）,经济学
经济学类(含经济学、金融学专业),经济学
经济学类（国际经济与贸易、经济学）,国际贸易学
"经济学类(国际经济与贸易全英文科教学,中美联合培养121国际班)",国际贸易学
经济学类（国家专项）,经济学
经济学类（国家专项计划）,经济学
经济学类(金融学、国际经济与贸易、经济学、统计学),国际贸易学
经济学类（金融学、国际经济与贸易、经济学、统计学）（按经济类培养,国际法学（含：国际公法、国际私法、国际经济法
"经济学类(金融学全英文科教学,中美联合培养121国际班)",经济学
经济学类（经贸类）,经济学
经济学类(经济学),经济学
经济学类（经济学、国际经济与贸易）,国际贸易学
经济学类(经济学、经济统计学、国民经济管理),国民经济学
经济学类（经济学、经济统计学、国民经济管理）,国民经济学
经济学类（经济管理类）,经济学
经济学类（按经济类招生，含金融学、国际经济与贸易、经济学、统计学,经济学
经济学类(按经济类培养),经济学
经济学类（按经济类培养）,经济学
经济学类(按经济类培养)(金融学、国际经济与,经济学
经济学类(按经济类培养)(金融学、国际经济与贸易、经济学、统计学),国际贸易学
经济学类（按经济类培养，金融学、国际经济与贸易、经济学、统计学）,经济学
经济学类（按经济类培养;金融学、国际经济与贸易、经济学、统计学）,经济学
经济学类理类）,经济学
经济学基地班,经济学
经济类,经济学
经济统计学,经济学
经济管理试验班,经济学
经济管理试验班(民族班),经济学
经济管理试验班（国家专项）,经济学
经济管理试验班(国家专项),经济学
经济管理类,经济学
经管实验班,经济学
经管类实验班,经济学
城乡规划,城市规划与设计(含∶风景园林规划与设计)
城乡规划(五年),城市规划与设计(含∶风景园林规划与设计)
城乡规划（五年制）,城市规划与设计(含∶风景园林规划与设计)
城乡规划（双语类）,城市规划与设计(含∶风景园林规划与设计)
城乡规划（汉）,城市规划与设计(含∶风景园林规划与设计)
城乡规划（民）,城市规划与设计(含∶风景园林规划与设计)
城乡规划(民),城市规划与设计(含∶风景园林规划与设计)
城乡规划（单列）,城市规划与设计(含∶风景园林规划与设计)
城乡规划（单列类）,城市规划与设计(含∶风景园林规划与设计)
城乡规划（普通类）,城市规划与设计(含∶风景园林规划与设计)
城市地下空间工程,市政工程
城市管理科,管理学
政治与行政学,政治学
政治与行政学(专项文）,宪法学与行政法学
政治学、经济学与哲学（PPE实验班）,政治经济学
政治学与行政学,政治学
政治学与行政学（公共政策与国际组织）,国际政治
政治学与行政学（双语类）,宪法学与行政法学
政治学与行政学（国家贫困专项）,宪法学与行政法学
政治学与行政学（单列）,宪法学与行政法学
政治学与行政学（单列类）,宪法学与行政法学
政治学与行政学（普通类）,宪法学与行政法学
政治学类,政治学
政治学类 ,政治学
政治学类（国际政治、思想政治教育）,思想政治教育
按光电技术与物理类招生,电工理论与新技术
按材料类招生,材料学
草业科学,草业科学
草业科学 ,草业科学
草业科学（草坪科学与管理方向）,草业科学
草业科学(基地班),草业科学
草业科学基地班,草业科学
茶学,茶学
茶学（茶学院）,茶学
药物制剂,药剂学
药学,药学
药学 ,药学
药学(专项理）,药理学
药学（专科）,农药学（可授农学、理学学位）
药学（生物药学基地班）,药学
药学(全英文创新实验班),药学
药学(全英文科教学),药学
药学（创新实验班）,农药学（可授农学、理学学位）
药学（国家贫困专项）,农药学（可授农学、理学学位）
药学(南单理）,药理学
药学类,药学
药学类(含药学、药物制剂专业),药剂学
药学类（药学、药物制剂）,农药学（可授农学、理学学位）
标准化工程,管理学
轻工类,轻工技术与工程
轻工类(中外合作办学)(轻化工程),轻工技术与工程
轻工类(含印刷工程、包装工程),轻工技术与工程
轻化工程,轻工技术与工程
轻化工程(中外合作办学),轻工技术与工程
临床医学,临床医学
临床医学 ,临床医学
临床医学(5+3),临床医学
临床医学(5+3一体化),临床医学
临床医学（5+3一体化培养）,临床医学
临床医学(5+3一体化培养),临床医学
临床医学（八年）,临床医学
临床医学(八年),临床医学
临床医学(八年制),临床医学
临床医学（八年制）,临床医学
临床医学(口腔),口腔临床医学
临床医学（口腔医学）,口腔临床医学
临床医学(专项理）,临床医学
临床医学（专科）,临床医学
临床医学(五加三一体化),临床医学
临床医学（五年）,临床医学
临床医学(五年),临床医学
临床医学（五年制）,临床医学
临床医学（分院）,临床医学
临床医学（六年、临床医学专业中德实验班）,临床医学
临床医学（六年制中德实验班）,临床医学
临床医学(本硕连读),临床医学
临床医学（本硕博贯通培养）,临床医学
临床医学(本博连读),临床医学
临床医学(汉语),临床医学
临床医学（民考汉）,临床医学
临床医学(免费医学定向),临床医学
临床医学（国家贫困专项）,临床医学
临床医学（学制5年）,临床医学
临床医学（定向）,临床医学
临床医学（贯通培养）,临床医学
临床医学（南疆单列专科）,临床医学
临床医学(藏语),临床医学
临床医学类,临床医学
临床医学类 ,临床医学
临床医学类（中外合作办学）,临床医学
临床药学,临床医学
临床药学 ,临床医学
省内预科班,省内预科班
省外预科班,省内预科班
思想政治教育,思想政治教育
思想政治教育 ,思想政治教育
思想政治教育（公费师范）,思想政治教育
思想政治教育（公费师范） ,思想政治教育
思想政治教育（双语类）,思想政治教育
思想政治教育(师范),思想政治教育
思想政治教育（师范）,思想政治教育
思想政治教育（免费师范）,思想政治教育
思想政治教育（单列）,思想政治教育
思想政治教育（单列类）,思想政治教育
思想政治教育（预科）,思想政治教育
思想政治教育（普通类）,思想政治教育
思想政治教育（藏）,思想政治教育
种子科学与工程,农业工程
科技与创意设计试验班,计算机科学与技术
科学教育,教育学
科学教育（师范）,教育学
科学教育（师范类）,教育学
科学教育学,教育学
复合材料与工程,材料科学与工程
保险学,金融学（含∶保险学）
保险学  (  保险与风险管理  ),金融学（含∶保险学）
保险学  (  保险精算  ),金融学（含∶保险学）
保险学（财务与会计双语实验班）,金融学（含∶保险学）
保险学（精算双语实验班）,金融学（含∶保险学）
俄语,俄语语言文学
俄语 ,俄语语言文学
俄语（文史）,俄语语言文学
俄语（双语类）,俄语语言文学
俄语（金融）,俄语语言文学
俄语（单列）,俄语语言文学
俄语（单列类）,俄语语言文学
俄语（俄语翻译）,俄语语言文学
俄语（理工）,俄语语言文学
俄语（普通类）,俄语语言文学
信用管理,管理学
信息工程,信息与通讯工程
信息工程（航天信息应用）,信息与通讯工程
信息与计算科学,计算机科学与技术
信息与计算科学（双语类）,计算机科学与技术
信息与计算科学（单列）,计算机科学与技术
信息与计算科学（单列类）,计算机科学与技术
信息与计算科学（普通类）,计算机科学与技术
信息与通信工程类,信息与通讯工程
信息对抗技术,地球探测与信息技术
信息安全,通信与信息系统
信息安全(中外合作办学),通信与信息系统
信息安全（双语类）,通信与信息系统
信息安全（民）,通信与信息系统
信息安全(民),通信与信息系统
信息安全(网络空间安全类),通信与信息系统
信息安全（单列）,通信与信息系统
信息安全（单列四年）,通信与信息系统
信息安全（单列类）,通信与信息系统
信息安全（按网络空间安全类招生）,通信与信息系统
信息安全(按网络空间安全类培养),通信与信息系统
信息安全（普通类）,通信与信息系统
信息科学技术,信号与信息处理
信息科学技术(民族班),信号与信息处理
信息科学技术(国家专项),信号与信息处理
信息科学技术（国家专项）,信号与信息处理
信息资源管理,管理学
信息资源管理（民考汉）,管理学
信息资源管理（国家专项）,管理学
信息管理与信息系统,信息与通讯工程
信息管理与信息系统 ,信息与通讯工程
信息管理与信息系统（大数据与商务分析）,信息与通讯工程
信息管理与信息系统（大数据与商务分析方向）,信息与通讯工程
信息管理与信息系统(计算机信息网络),信息与通讯工程
信息管理与信息系统（医学信息）,信息与通讯工程
信息管理与信息系统（国家专项计划）,信息与通讯工程
信息管理与信息系统(定向),信息与通讯工程
信息管理与信息系统（定向）,信息与通讯工程
信息管理与信息系统（商务智能方向）,信息与通讯工程
信息管理与信息系统（管理信息方向）,信息与通讯工程
信息管理与信息系统类,信息与通讯工程
信息管理学与信息系统,信息与通讯工程
信息管理科与信息系统,信息与通讯工程
食品卫生与营养学,营养与食品卫生学
食品质量与安全,食品科学与工程
食品质量与安全(中外合作办学),食品科学与工程
食品质量与安全（国家专项计划）,食品科学与工程
食品质量与安全专业（中外合作办学）,食品科学与工程
食品科学与工程,食品科学与工程
食品科学与工程 ,食品科学与工程
食品科学与工程  (  食品加工工艺  ),食品科学与工程
食品科学与工程  (  高精尖项目  ),食品科学与工程
食品科学与工程  （中外合作办学）,食品科学与工程
食品科学与工程（中外合作办学）,食品科学与工程
食品科学与工程（双语类）,食品科学与工程
食品科学与工程（本硕博班）,食品科学与工程
食品科学与工程（外培计划）,食品科学与工程
食品科学与工程(汉),食品科学与工程
食品科学与工程（汉）,食品科学与工程
食品科学与工程（民）,食品科学与工程
食品科学与工程（国家专项计划）,食品科学与工程
食品科学与工程（单列）,食品科学与工程
食品科学与工程（单列类）,食品科学与工程
食品科学与工程（定向）（单列）,食品科学与工程
食品科学与工程（闽台合作项目）,食品科学与工程
食品科学与工程（普通类）,食品科学与工程
食品科学与工程（藏）,食品科学与工程
食品科学与工程类,食品科学与工程
食品科学与工程类  (  中外合作办学  ),食品科学与工程
食品科学与工程类(中外合作办学),食品科学与工程
食品科学与工程类(民族班),食品科学与工程
食品科学与工程类(含食品科学与工程、食品质量与安全专业),食品科学与工程
食品科学与工程类(食品质量与安全),食品科学与工程
食品科学与工程类（食品科学与工程、食品质量与安全）,食品科学与工程
食品科学与工程类(食品科学与工程、食品质量与安全),食品科学与工程
食品科学与工程类（预科）,食品科学与工程
贸易经济,经济学
音乐表演,音乐学
音乐表演 ,音乐学
音乐表演(121项目),音乐学
音乐表演(民乐),音乐学
音乐表演(声乐),音乐学
音乐表演（声乐),音乐学
音乐表演（声乐）,音乐学
音乐表演(键盘),音乐学
音乐表演(管弦),音乐学
音乐表演（器乐）,音乐学
音乐表演(器乐)二胡,音乐学
音乐表演（器乐）二胡,音乐学
音乐表演(器乐)大提琴,音乐学
音乐表演（器乐）中阮,音乐学
音乐表演(器乐)中阮,音乐学
音乐表演（器乐）打击乐,音乐学
音乐表演(器乐)打击乐,音乐学
音乐表演(器乐)古筝,音乐学
音乐表演（器乐）扬琴,音乐学
音乐表演(器乐)扬琴,音乐学
音乐表演(器乐)竹笛,音乐学
音乐表演(器乐)低音提琴,音乐学
音乐表演(器乐)钢琴,音乐学
音乐表演（器乐）钢琴,音乐学
音乐表演（器乐）唢呐,音乐学
音乐表演（器乐）笛子,音乐学
音乐表演(器乐)笙,音乐学
音乐表演（器乐）琵琶,音乐学
音乐表演(器乐)琵琶,音乐学
音乐学,音乐学
音乐学(少数民族音乐),民族学
音乐学(师范),音乐学
音乐学（师范）,音乐学
音乐学（师范）(声乐),音乐学
音乐学（师范）(器乐)（大提琴）,音乐学
美术学,美术学
美术学（艺术管理与策划方向，加权成绩）,美术学
美术学(加权成绩),美术学
美术学类,美术学
测绘工程,大地测量学与测量工程
测绘工程（双语类）,大地测量学与测量工程
测绘工程（单列）,大地测量学与测量工程
测绘工程（普通类）,大地测量学与测量工程
测绘类,测绘科学与技术
测绘类（汉）,测绘科学与技术
测绘类(茅以升学院),测绘科学与技术
测控技术与仪器,测绘科学与技术
测控技术与仪器 ,测绘科学与技术
语言学,语言学及应用语言学
绘画,美术学
绘画(加权成绩),美术学
绘画（加权成绩）,美术学
给排水科学与工程,水利工程
给排水科学与工程（双语类）,水利工程
给排水科学与工程（单列）,水利工程
给排水科学与工程（给排水卓越计划实验班）,水利工程
给排水科学与工程（高校专项）,水利工程
给排水科学与工程（普通类）,水利工程
统计学,统计学
统计学（双语类）,统计学
统计学（国家专项计划）,统计学
统计学（单列）,统计学
统计学（单列类）,统计学
统计学（普通类）,统计学
统计学类,统计学
统计学类  (  中外合作办学  )  （风险和精算）,统计学
统计学类  (  中外合作办学  )(  风险和精算  ),统计学
统计学类（国家专项）,统计学
统计学类（理学）,统计学
泰米尔语,外国语言文学
泰语,外国语言文学
蚕学,特种经济动物饲养（含：蚕、蜂等）
哲学,哲学
哲学 ,哲学
哲学（文史哲基地）,哲学
哲学类,哲学
荷兰语,外国语言文学
档案学,档案学
档案学 ,档案学
校本部,校本部
核工程与核技术,核能科学与工程
核工程类,核能科学与工程
核工程类 ,核能科学与工程
核工程类（核工程与核技术、辐射防护与核安全）,核能科学与工程
核科学与技术基地班(放射化学方向),核科学与技术
核科学与技术基地班(原子核物理),核科学与技术
核科学与技术基地班(原子核物理与核技术方向),核科学与技术
铁道工程,道路与铁道工程
铁道工程（汉）,道路与铁道工程
特殊教育,特殊教育学
特殊教育（公费师范）,特殊教育学
特殊教育（公费师范),特殊教育学
特殊教育(心理),特殊教育学
特殊教育(师范),特殊教育学
特殊教育（免费师范）,特殊教育学
特殊教育（预科）,特殊教育学
秘书学,图书馆学
徐特立英才班,徐特立英才班
航空航天工程,航空宇航制造工程
航空航天与武器类,航空宇航科学与技术
航空航天与武器类（国家专项）,航空宇航科学与技术
航空航天类,航空宇航科学与技术
航空航天类（国家专项）,航空宇航科学与技术
航空航天类（航空航天工程、工程力学）,航空宇航科学与技术
高分子材料与工程,材料科学与工程
高分子材料与工程  (  高精尖项目  ),材料科学与工程
高分子材料与工程(中外合作办学),材料科学与工程
高分子材料与工程（中外合作办学）,材料科学与工程
高分子材料与工程(中外合作办学专业),材料科学与工程
高分子材料与工程（双语类）,材料科学与工程
高分子材料与工程（先进材料）,材料科学与工程
高分子材料与工程（拔尖人才试点班）,材料科学与工程
高分子材料与工程（拔尖人才试点班),材料科学与工程
高分子材料与工程(拔尖人才试点班),材料科学与工程
高分子材料与工程（单列）,材料科学与工程
高分子材料与工程（定向）,材料科学与工程
高分子材料与工程(定向),材料科学与工程
高分子材料与工程（普通类）,材料科学与工程
高收费,高收费
资产评估,资产评估
资源环境科学（本研一体培养班）,环境科学
资源勘查工程,地质资源与地质工程
资源勘查工程（双语类）,地质资源与地质工程
资源勘查工程（地矿）,地质资源与地质工程
资源勘查工程（地矿专业）,地质资源与地质工程
资源勘查工程(地矿专业),地质资源与地质工程
资源勘查工程(含基地班),地质资源与地质工程
资源勘查工程（固体矿产）,地质资源与地质工程
资源勘查工程（单列）,地质资源与地质工程
资源勘查工程（单列类）,地质资源与地质工程
资源勘查工程(定向),地质资源与地质工程
资源勘查工程（能源）,地质资源与地质工程
资源勘查工程(基地班),地质资源与地质工程
资源勘查工程（提前批）,地质资源与地质工程
资源勘查工程(提前批),地质资源与地质工程
资源勘查工程（普通类）,地质资源与地质工程
资源勘查工程（新能源地质与工程）,地质资源与地质工程
资源循环科学与工程,环境科学与工程
旅游管理,旅游管理
旅游管理（少数民族）,旅游管理
旅游管理(中外合作办学),旅游管理
旅游管理（中法联合培养）,旅游管理
旅游管理（文史）,旅游管理
旅游管理（双语类）,旅游管理
旅游管理（双语班文史）,旅游管理
旅游管理(双语班南单理）,旅游管理
旅游管理（双语班理工）,旅游管理
旅游管理（汉族）,旅游管理
旅游管理(民族班),旅游管理
旅游管理（单列）,旅游管理
旅游管理（单列类）,旅游管理
旅游管理（理工）,旅游管理
旅游管理（普通类）,旅游管理
旅游管理（蒙授）,旅游管理
旅游管理科,旅游管理
旅游管理科类,旅游管理
旅游管理类,旅游管理
粉体材料科学与工程,材料科学与工程
烟草,草业科学
酒店管理,管理学
酒店管理（双语类）,管理学
酒店管理（单列）,管理学
酒店管理（单列类）,管理学
酒店管理（普通类）,管理学
酒店管理科,管理学
消防工程,防灾减灾工程及防护工程
海事管理,管理学
海洋工程与技术,船舶与海洋工程
海洋工程类,船舶与海洋工程
海洋技术,海洋科学
海洋技术（厦门大学马来西亚分校）,海洋科学
海洋科学,海洋科学
海洋科学(菁英班),海洋科学
海洋科学（厦门大学马来西亚分校）,海洋科学
海洋科学类,海洋科学
海洋资源与环境,海洋科学
海洋资源开发技术,海洋科学
通信工程,信息与通讯工程
通信工程(+人工智能，大类招生),信息与通讯工程
通信工程（无线多媒体广播技术方向）,信息与通讯工程
通信工程(无线多媒体广播技术方向),信息与通讯工程
通信工程（中外合作办学）,信息与通讯工程
通信工程(双一流实验班，大类招生),信息与通讯工程
通信工程（双语类）,信息与通讯工程
通信工程(含通信工程、信息对抗技术),信息与通讯工程
通信工程（含通信工程、信息对抗技术）（按信息与通信工程类培养）,信息与通讯工程
通信工程（卓越工程师班）,信息与通讯工程
通信工程(国防生),信息与通讯工程
通信工程（单列）,信息与通讯工程
通信工程（单列类）,信息与通讯工程
通信工程（按信息与通信工程类招生，含通信工程、信息对抗技术）,信息与通讯工程
通信工程（按信息与通信工程类培养）,信息与通讯工程
通信工程(按信息与通信工程类培养),信息与通讯工程
通信工程(按信息与通信工程类培养)(含通信工程、信息对抗技术),信息与通讯工程
通信工程（按信息与通信工程类培养，含通信工程、信息对抗技术）,信息与通讯工程
通信工程（南疆单列）,信息与通讯工程
通信工程(信息与通信工程类),信息与通讯工程
通信工程（高校专项）,信息与通讯工程
通信工程(教改班),信息与通讯工程
通信工程（普通类）,信息与通讯工程
通信工程类,信息与通讯工程
通信与信息工程类,信息与通讯工程
能源与动力工程,动力机械及工程
能源与动力工程（双语类）,动力机械及工程
能源与动力工程（单列）,动力机械及工程
能源与动力工程（单列类）,动力机械及工程
能源与动力工程（能源卓越计划实验班）,动力机械及工程
能源与动力工程（普通类）,动力机械及工程
能源与环境系统工程,动力机械及工程
能源化学工程,动力机械及工程
能源动力与工程,动力机械及工程
能源动力类,动力机械及工程
能源动力类 ?（能动）,动力机械及工程
能源动力类 ?（新能源）,动力机械及工程
能源动力类（工学Ⅱ）,动力机械及工程
能源动力类(含能源与动力工程、能源与环境系统工程),动力机械及工程
能源动力类（能动）,动力机械及工程
能源动力类(能源与动力工程、能源与环境系统工程),动力机械及工程
能源动力类（新能源）,动力机械及工程
能源动力类（新能源科学与工程、能源与动力工程、核工程与核技术）,动力机械及工程
能源经济,经济学
预防医学,公共卫生与预防医学
预防医学 ,公共卫生与预防医学
预防医学(五年),公共卫生与预防医学
预防医学（五年制）,公共卫生与预防医学
预防医学（分院）,公共卫生与预防医学
预防医学（学制五年）,公共卫生与预防医学
预防医学(南单理）,公共卫生与预防医学
预科,预科
预科（文）,预科（文）
预科（理）,预科（理）
预科文科,预科文科
预科班,预科班
预科班（人力资源管理）（只招少数民族考生）,预科班（人力资源管理）（只招少数民族考生）
预科理科,预科理科
理工实验班,理工实验班
理工类实验班,理工实验班
理论与应用力学 ,工程力学
理论与应用力学(基地班),工程力学
理论与应用力学基地班,工程力学
理学工学类,理学
理学与材料菁英班,材料物理与化学
理学与材料菁英班(民族班),材料物理与化学
理学与材料菁英班（国家专项）,材料物理与化学
理学与材料菁英班(国家专项),材料物理与化学
理科,理学
理科工程与工艺,理学
理科试验班,理科试验班
理科试验班（化学优培计划）,物理化学（含：化学物理）
理科试验班（化学类）,物理化学（含：化学物理）
理科试验班（可选专业：数学、物理、化学、生物）,物理化学（含：化学物理）
理科试验班（可选专业：数学、物理学、化学、生物学）,物理化学（含：化学物理）
理科试验班(弘毅学堂),理科试验班
理科试验班（环境理工、环境经管）,环境科学与工程
理科试验班（环境理工、环境经管，民考汉）,环境科学与工程
理科试验班（环境理工、环境经管，国家专项）,环境科学与工程
理科试验班（国家专项）,理科试验班
理科试验班（物理、化学与心理学）,物理化学（含：化学物理）
理科试验班（物理、化学与心理学，国家专项）,物理化学（含：化学物理）
理科试验班（物理类）,物理化学（含：化学物理）
理科试验班(信息与通信基础科学),信息与通讯工程
理科试验班（信息与数学）,信息与通讯工程
理科试验班（信息与数学，国家专项）,信息与通讯工程
理科试验班（钱伟长学院（国家试点学院））,理科试验班
理科试验班(资源与环境类),农业资源与环境
理科试验班（海洋类）,海洋科学
理科试验班(数学与信息科学),信号与信息处理
理科试验班（数学类）,数学
理科试验班(数理科学类),理科试验班
理科试验班类,理科试验班
理科试验班类（中法工程师学院）,理科试验班
理科试验班类(中法工程师学院),理科试验班
理科试验班类(化学与生命科学类),化学
理科试验班类(弘毅学堂),理科试验班
理科试验班类(匡亚明学院大理科班),理科试验班
理科试验班类(地球科学与资源环境类),环境科学与工程
理科试验班类（高等理科学院）,理科试验班
理科试验班类(高等理科学院),理科试验班
理科统招,理科统招
捷克语,外国语言文学
教育技术学,教育技术学（可授教育学、理学学位）
教育技术学（公费师范）,教育技术学（可授教育学、理学学位）
教育技术学(师范),教育技术学（可授教育学、理学学位）
教育技术学（师范）,教育技术学（可授教育学、理学学位）
教育学,教育学
教育学（文史）,教育学
教育学（师范）,教育学
教育学(师范),教育学
教育学（师范类）,教育学
教育学（国家试点学院）,教育学
教育学(国家试点学院),教育学
教育学（晏阳初实验班）,教育学
教育学(晏阳初实验班),教育学
教育学（理工）,教育学原理
教育学类,教育学
教育学类（中外合作办学）,教育技术学（可授教育学、理学学位）
教育学类（中外合作办学）学前教育,学前教育学
教育学类(学前教育、小学教育)(师范),学前教育学
教育学类(晏阳初实验班),教育学
教育学类（教育技术学、学前教育、小学教育）,教育学
教育康复学,教育学
探测制导与控制技术,地球探测与信息技术
探测制导与控制技术（航天）,导航、制导与控制
基础医学,基础医学
基础医学(五年),基础医学
基础医学（五年制）,基础医学
基础医学（基地班）,基础医学
基础医学(基地班),基础医学
勘查技术与工程,轻工技术与工程
勘查技术与工程(钻探工程方向),轻工技术与工程
勘查技术与工程(勘查地球物理方向),轻工技术与工程
救助与打捞工程,轻工技术与工程
眼视光医学,眼科学
眼视光医学(五年),眼科学
眼视光学,光学
野生动物与自然保护区管理,野生动植物保护与利用
野生动物与自然保护区管理（森林康养方向）,野生动植物保护与利用
船舶与海洋工程,船舶与海洋工程
船舶与海洋工程（船舶与海洋卓越计划实验班）,船舶与海洋工程
麻醉学,麻醉学
麻醉学(五年),麻醉学
康复治疗学,康复医学与理疗学
商务英语,英语语言文学
商务经济学,经济学
越南语,外国语言文学
葡萄与葡萄酒工程,外国语言文学
葡萄牙语,外国语言文学
葡萄酒与葡萄酒工程,外国语言文学
朝鲜语,外国语言文学
朝鲜语（韩语）,外国语言文学
植物生产类,植物学
植物生产类（Ⅰ）,植物学
植物生产类（Ⅱ）,植物学
植物生产类（双语班）,植物学
植物生产类（农学、园艺）,植物学
植物生产类（预科）,植物学
植物科学与技术,植物学
植物科学与技术(中外合作办学),植物学
植物保护,植物保护
森林工程,森林工程
森林保护,森林保护学
智能电网信息工程,模式识别与智能系统
智能医学工程,模式识别与智能系统
智能制造工程,模式识别与智能系统
智能制造与车辆实验班,模式识别与智能系统
智能制造与车辆实验班(民族班),模式识别与智能系统
智能制造与车辆实验班(国家专项),模式识别与智能系统
智能建造,模式识别与智能系统
智能科学与技术,模式识别与智能系统
智能科学与技术(智能媒体技术方向),模式识别与智能系统
税收学,财政学（含∶税收学）
集成电路设计,电路与系统
集成电路设计与集成系统,电路与系统
集成电路设计与集成系统（集成电路卓越计划实验班）,电路与系统
道路桥梁与渡河工程,桥梁与隧道工程
道路桥梁与渡河工程（中外合作办学）,桥梁与隧道工程
道路桥梁与渡河工程（国际工程班）,桥梁与隧道工程
港口航道与海岸工程,港口、海岸及近海工程
港口航道与海岸工程（定向）,港口、海岸及近海工程
港口航道与海岸工程(定向),港口、海岸及近海工程
编辑出版学,文学
编辑出版学 ,文学
编辑出版学（网络编辑方向）,文学
编辑出版学（蒙授）,文学
瑞典语,外国语言文学
摄影,摄影测量与遥感
蒙古语言文学（文理综合班）,外国语言文学
蒙古语言文学（基地）,外国语言文学
蒙古语言文学（基里尔蒙古文）,外国语言文学
蜂学,特种经济动物饲养（含：蚕、蜂等）
微电子与集成电路类,微电子学与固体电子学
微电子科学与工程,电子科学与技术
微电子科学与工程（民）,电子科学与技术
微电子科学与工程（定向）,电子科学与技术
微电子科学与技术,电子科学与技术
遥感科学与技术,摄影测量与遥感
遥感科学与技术(遥感科学与技术类),摄影测量与遥感
新闻,新闻学
新闻传播学,新闻传播学
新闻传播学类,新闻传播学
新闻传播学类 ,新闻传播学
新闻传播学类（文）,新闻传播学
新闻传播学类（双语类）,新闻传播学
新闻传播学类（民考汉）,新闻传播学
新闻传播学类(民族班),新闻传播学
新闻传播学类(含新闻学、广播电视学、广告学、网络与新媒体),新闻传播学
新闻传播学类（国家专项）,新闻传播学
新闻传播学类（单列类）,新闻传播学
新闻传播学类(定向),新闻传播学
新闻传播学类（按新媒体类培养）,新闻传播学
新闻传播学类（高校专项）,新闻传播学
新闻传播学类（理）,新闻传播学
新闻传播学类（普通类）,新闻传播学
新闻传播学类（新闻学、广播电视学）,新闻传播学
新闻传播学类(新闻学、广播电视学、广告学、网络与新媒体),新闻传播学
新闻传播类,新闻传播学
新闻学,新闻学
新闻学（文史）,新闻学
新闻学（双语类）,新闻学
新闻学（卓越人才实验班）,新闻学
新闻学（国际新闻）,新闻学
新闻学（国家贫困专项）,新闻学
新闻学（单列）,新闻学
新闻学(法制新闻）,新闻学
新闻学（法制新闻）,新闻学
新闻学（经济新闻方向）,新闻学
新闻学（理工）,新闻学
新闻学（厦门大学马来西亚分校）,新闻学
新闻学（普通类）,新闻学
新闻学（蒙授）,新闻学
新闻学(数据新闻报道方向),新闻学
新能源材料与器件,农业生物环境与能源工程
新能源科学与工程,农业生物环境与能源工程
新能源科学与工程（厦门大学马来西亚分校）,农业生物环境与能源工程
意大利语,外国语言文学
粮食工程,食品科学与工程
数字媒体艺术,传播学
数字媒体技术,传播学
数字媒体技术 ,传播学
数字媒体技术（中外合作办学 中爱）,传播学
数字媒体技术（中外合作办学）,传播学
数字媒体技术（厦门大学马来西亚分校）,传播学
数字媒体技术（游戏设计技术方向）,传播学
数字媒体技术(游戏设计技术方向),传播学
数学,数学
数学与应用数学,应用数学
数学与应用数学（与金融学复合）,应用数学
数学与应用数学（公费师范）,应用数学
数学与应用数学（双语类）,应用数学
数学与应用数学(师范),应用数学
数学与应用数学（师范）,应用数学
数学与应用数学(师范类),应用数学
数学与应用数学（免费师范）,应用数学
数学与应用数学(英才班),应用数学
数学与应用数学（金融数学方向）,应用数学
数学与应用数学（单列）,应用数学
数学与应用数学（单列类）,应用数学
数学与应用数学(南单理）,应用数学
数学与应用数学（信息英才班）,应用数学
数学与应用数学(信息英才班),应用数学
数学与应用数学（预科）,应用数学
数学与应用数学（基地班）,应用数学
数学与应用数学(基地班),应用数学
数学与应用数学（基础学科拔尖人才培养实验班）,应用数学
数学与应用数学（厦门大学马来西亚分校）,应用数学
数学与应用数学（普通类）,应用数学
数学与应用数学（数学与经济学双学位班）,应用数学
数学与应用数学（数学经济创新班）,应用数学
数学与应用数学(数学经济创新班),应用数学
数学和应用数学,应用数学
数学类,数学
数学类 ,数学
数学类(含数学与应用数学(基地班)、信息与计算科学),数学
数学类(含数学与应用数学、信息与计算科学专业),数学
数学类（应用数学与统计）,应用数学
数学类(应用数学与统计),应用数学
数学类(茅以升学院),数学
数学类（金融数学）,数学
数学类（信息与计算科学、数学与应用数学）,数学
数学类(信息与计算科学、数学与应用数学),数学
数学类（数学与应用数学(与金融学复合)、信息与计算科学、数学与应用,数学
数学类(数学与应用数学、信息与计算科学),数学
数学类(数学与应用数学、信息与计算科学) ,数学
数学类(数学与应用数学、信息与计算科学)(含基地班),数学
数学类（数学与应用数学、信息与计算科学、统计学、金融数学）,数学
数学类（数学与应用数学、统计学）,数学
数学类(数理实验班),数学
数学菁英班,数学
数学菁英班（国家专项）,数学
数理基础科学（数理基地，物理学）,基础数学
"数理基础科学（数理基地,数学）",基础数学
数据科学与大数据,数据科学与大数据
数据科学与大数据技术,数据科学与大数据
数据科学与大数据技术（双语类）,数据科学与大数据
数据科学与大数据技术(传媒大数据方向),数据科学与大数据
数据科学与大数据技术（单列类）,数据科学与大数据
数据科学与大数据技术（普通类）,数据科学与大数据
塞尔维亚语,外国语言文学
酿酒工程,食品科学与工程
舞蹈表演,舞蹈学
舞蹈学,舞蹈学
管理科学,管理学
管理科学与 ?工程类,管理学
管理科学与工程类,管理学
管理科学与工程类  （大数据管理类）,管理学
管理科学与工程类（中外合作）,管理学
管理科学与工程类（中外合作办学）,管理学
管理科学与工程类(文),管理学
管理科学与工程类（文）,管理学
管理科学与工程类(文史),管理学
管理科学与工程类（文科）,管理学
管理科学与工程类（含信息管理与信息系统）,管理学
管理科学与工程类(含信息管理与信息系统、工程管理、物流管理专业),管理学
管理科学与工程类（含信息管理与信息系统专业、管理科学专业<金融工程方向>）,管理学
管理科学与工程类（信息管理与信息系统）,管理学
管理科学与工程类（信息管理与信息系统、工业工程）,管理学
管理科学与工程类（信息管理与信息系统、工业工程、电子商务）,管理学
管理科学与工程类(信息管理与信息系统、工业工程、电子商务）,管理学
管理科学与工程类（信息管理与信息系统、工业工程、电子商务、物流,管理学
管理科学与工程类(信息管理与信息系统、工业工程、电子商务、物流管,管理学
管理科学与工程类（信息管理与信息系统、工业工程、电子商务、物流管,管理学
管理科学与工程类（理）,管理学
管理科学与工程类(理),管理学
管理科学与工程类(理工),管理学
管理科学与工程类（管理科学<金融工程方向>,管理学
管理科学与工程类（管理科学专业<金融工程方向>）,管理学
僧伽罗语,外国语言文学
精细化工,化学工程
精算学,计算数学
播音与主持艺术,广播电视艺术学
播音与主持艺术（艺术文）,广播电视艺术学
播音与主持艺术（艺术理）,广播电视艺术学
德语,德语语言文学
德语 ,德语语言文学
德语(师范),德语语言文学
德语（国际传播）,德语语言文学
德语（经济学）,德语语言文学
德语（涉外法商）,德语语言文学
德语（商务）,德语语言文学
雕塑,艺术学
翻译,外国语言文学
翻译(双外语),外国语言文学
翻译（涉外法商）,外国语言文学
